,pid,minorType_id,standardSegment_id
0,1,T4-1,T4-UF.ab
1,2,T4-1,T4-KA.abc
2,3,T4-1,T4-KI.0a
3,4,T4-10,T4-UF.ef
4,5,T4-10,T4-KA.de
5,6,T4-10,T4-KI.0a
6,7,T4-11,T4-UF.ef
7,8,T4-11,T4-KA.fg
8,9,T4-11,T4-KI.0a
9,10,T4-12,T4-UF.ef
10,11,T4-12,T4-KA.hi
11,12,T4-12,T4-KI.0a
12,13,T4-13,T4-UF.gh
13,14,T4-13,T4-KA.abc
14,15,T4-13,T4-KI.0a
15,16,T4-14,T4-UF.gh
16,17,T4-14,T4-KA.de
17,18,T4-14,T4-KI.0a
18,19,T4-15,T4-UF.gh
19,20,T4-15,T4-KA.fg
20,21,T4-15,T4-KI.0a
21,22,T4-16,T4-UF.gh
22,23,T4-16,T4-KA.hi
23,24,T4-16,T4-KI.0a
24,25,T4-17,T4-UF.ab
25,26,T4-17,T4-KA.de
26,27,T4-17,T4-KI.bc
27,28,T4-18,T4-UF.ab
28,29,T4-18,T4-KA.fg
29,30,T4-18,T4-KA.hi
30,31,T4-18,T4-KI.bc
31,32,T4-19,T4-UF.cd
32,33,T4-19,T4-KA.fg
33,34,T4-19,T4-KA.hi
34,35,T4-19,T4-KI.bc
35,36,T4-2,T4-UF.ab
36,37,T4-2,T4-KA.de
37,38,T4-2,T4-KI.0a
38,39,T4-20,T4-UF.ef
39,40,T4-20,T4-KA.fg
40,41,T4-20,T4-KA.hi
41,42,T4-20,T4-KI.bc
42,43,T4-3,T4-UF.ab
43,44,T4-3,T4-KA.fg
44,45,T4-3,T4-KI.0a
45,46,T4-4,T4-UF.ab
46,47,T4-4,T4-KA.hi
47,48,T4-4,T4-KI.0a
48,49,T4-5,T4-UF.cd
49,50,T4-5,T4-KA.abc
50,51,T4-5,T4-KI.0a
51,52,T4-6,T4-UF.cd
52,53,T4-6,T4-KA.de
53,54,T4-6,T4-KI.0a
54,55,T4-7,T4-UF.cd
55,56,T4-7,T4-KA.fg
56,57,T4-7,T4-KI.0a
57,58,T4-8,T4-UF.cd
58,59,T4-8,T4-KA.hi
59,60,T4-8,T4-KI.0a
60,61,T4-9,T4-UF.ef
61,62,T4-9,T4-KA.abc
62,63,T4-9,T4-KI.0a
63,64,M1-1,M1-SA.def
64,65,M1-1,M1-HF.0ab
65,66,M1-1,M1-VF.0ab
66,67,M1-1,M1-DL.a
67,68,M1-1,M1-DL.bc
68,69,M1-2,M1-SA.def
69,70,M1-2,M1-HF.0ab
70,71,M1-2,M1-VF.cd
71,72,M1-2,M1-VF.ef
72,73,M1-2,M1-DL.a
73,74,M1-3,M1-SA.def
74,75,M1-3,M1-HF.0ab
75,76,M1-3,M1-VF.cd
76,77,M1-3,M1-DL.bc
77,78,M1-4,M1-SA.def
78,79,M1-4,M1-HF.0ab
79,80,M1-4,M1-VF.cd
80,81,M1-4,M1-DL.d
81,82,M1-5,M1-SA.def
82,83,M1-5,M1-HF.0ab
83,84,M1-5,M1-VF.ef
84,85,M1-5,M1-DL.bc
85,86,M1-6,M1-SA.def
86,87,M1-6,M1-HF.0ab
87,88,M1-6,M1-VF.ef
88,89,M1-6,M1-DL.d
89,90,M1-7,M1-SA.def
90,91,M1-7,M1-HF.0ab
91,92,M1-7,M1-VF.gh
92,93,M1-7,M1-DL.a
93,94,M1-7,M1-DL.bc
94,95,M1-7,M1-DL.d
95,96,M1-8,M1-SA.bc
96,97,M1-8,M1-HF.0ab
97,98,M1-8,M1-VF.0ab
98,99,M1-8,M1-DL.bc
99,100,M1-8,M1-DL.d
100,101,M1-9,M1-SA.bc
101,102,M1-9,M1-HF.0ab
102,103,M1-9,M1-VF.cd
103,104,M1-9,M1-VF.ef
104,105,M1-9,M1-DL.a
105,106,M1-10,M1-SA.bc
106,107,M1-10,M1-HF.0ab
107,108,M1-10,M1-VF.cd
108,109,M1-10,M1-DL.bc
109,110,M1-11,M1-SA.bc
110,111,M1-11,M1-HF.0ab
111,112,M1-11,M1-VF.cd
112,113,M1-11,M1-DL.d
113,114,M1-12,M1-SA.bc
114,115,M1-12,M1-HF.0ab
115,116,M1-12,M1-VF.ef
116,117,M1-12,M1-DL.bc
117,118,M1-13,M1-SA.bc
118,119,M1-13,M1-HF.0ab
119,120,M1-13,M1-VF.ef
120,121,M1-13,M1-DL.d
121,122,M1-14,M1-SA.a
122,123,M1-14,M1-HF.0ab
123,124,M1-14,M1-VF.0ab
124,125,M1-14,M1-DL.bc
125,126,M1-14,M1-DL.d
126,127,M1-15,M1-SA.a
127,128,M1-15,M1-HF.0ab
128,129,M1-15,M1-VF.cd
129,130,M1-15,M1-VF.ef
130,131,M1-15,M1-DL.bc
131,132,M1-15,M1-DL.d
132,133,M1-16,M1-SA.def
133,134,M1-16,M1-HF.+
134,135,M1-16,M1-VF.0ab
135,136,M1-16,M1-DL.bc
136,137,M1-16,M1-DL.d
137,138,M1-17,M1-SA.def
138,139,M1-17,M1-HF.+
139,140,M1-17,M1-VF.cd
140,141,M1-17,M1-VF.ef
141,142,M1-17,M1-DL.a
142,143,M1-18,M1-SA.def
143,144,M1-18,M1-HF.+
144,145,M1-18,M1-VF.cd
145,146,M1-18,M1-VF.ef
146,147,M1-18,M1-DL.bc
147,148,M1-18,M1-DL.d
148,149,M1-19,M1-SA.def
149,150,M1-19,M1-HF.+
150,151,M1-19,M1-VF.gh
151,152,M1-19,M1-DL.a
152,153,M1-19,M1-DL.bc
153,154,M1-20,M1-SA.bc
154,155,M1-20,M1-HF.+
155,156,M1-20,M1-VF.0ab
156,157,M1-20,M1-DL.bc
157,158,M1-20,M1-DL.d
158,159,M1-21,M1-SA.bc
159,160,M1-21,M1-HF.+
160,161,M1-21,M1-VF.cd
161,162,M1-21,M1-VF.ef
162,163,M1-21,M1-DL.a
163,164,M1-22,M1-SA.bc
164,165,M1-22,M1-HF.+
165,166,M1-22,M1-VF.cd
166,167,M1-22,M1-VF.ef
167,168,M1-22,M1-DL.bc
168,169,M1-22,M1-DL.d
169,170,M1-23,M1-SA.a
170,171,M1-23,M1-HF.+
171,172,M1-23,M1-VF.0ab
172,173,M1-23,M1-VF.cd
173,174,M1-23,M1-DL.bc
174,175,M1-23,M1-DL.d
175,176,M1-24,M1-S1.b
176,177,M1-24,M1-SA.def
177,178,M1-24,M1-HF.+
178,179,M1-24,M1-VF.0ab
179,180,M1-24,M1-DL.bc
180,181,M1-24,M1-DL.d
181,182,M1-25,M1-S1.b
182,183,M1-25,M1-SA.def
183,184,M1-25,M1-HF.+
184,185,M1-25,M1-VF.cd
185,186,M1-25,M1-VF.ef
186,187,M1-25,M1-DL.a
187,188,M1-26,M1-S1.b
188,189,M1-26,M1-SA.def
189,190,M1-26,M1-HF.+
190,191,M1-26,M1-VF.cd
191,192,M1-26,M1-VF.ef
192,193,M1-26,M1-DL.bc
193,194,M1-26,M1-DL.d
194,195,M1-27,M1-S1.b
195,196,M1-27,M1-SA.def
196,197,M1-27,M1-HF.+
197,198,M1-27,M1-VF.gh
198,199,M1-27,M1-DL.a
199,200,M1-27,M1-DL.bc
200,201,M1-28,M1-S1.b
201,202,M1-28,M1-SA.bc
202,203,M1-28,M1-HF.+
203,204,M1-28,M1-VF.cd
204,205,M1-28,M1-VF.ef
205,206,M1-28,M1-DL.a
206,207,M1-29,M1-IF.¤
207,208,M1-29,M1-VF.0ab
208,209,M1-29,M1-VF.cd
209,210,M1-29,M1-VF.ef
210,211,M1-29,M1-DL.a
211,212,M1-29,M1-DL.bc
212,213,M2-1,M2-HF.0ab
213,214,M2-1,M2-DM.0
214,215,M2-1,M2-VF.a
215,216,M2-2,M2-HF.0ab
216,217,M2-2,M2-DM.a
217,218,M2-2,M2-VF.a
218,219,M2-3,M2-HF.0ab
219,220,M2-3,M2-DM.b
220,221,M2-3,M2-VF.a
221,222,M2-4,M2-HF.0ab
222,223,M2-4,M2-DM.cd
223,224,M2-4,M2-VF.a
224,225,M2-5,M2-HF.0ab
225,226,M2-5,M2-DM.ef
226,227,M2-5,M2-VF.a
227,228,M2-6,M2-HF.0ab
228,229,M2-6,M2-DM.0
229,230,M2-6,M2-VF.bc
230,231,M2-7,M2-HF.0ab
231,232,M2-7,M2-DM.a
232,233,M2-7,M2-VF.bc
233,234,M2-8,M2-HF.0ab
234,235,M2-8,M2-DM.b
235,236,M2-8,M2-VF.bc
236,237,M2-9,M2-HF.0ab
237,238,M2-9,M2-DM.cd
238,239,M2-9,M2-VF.bc
239,240,M2-10,M2-HF.0ab
240,241,M2-10,M2-DM.ef
241,242,M2-10,M2-VF.bc
242,243,M2-11,M2-HF.0ab
243,244,M2-11,M2-DM.a
244,245,M2-11,M2-VF.bc
245,246,M2-11,M2-BK.a
246,247,M2-12,M2-HF.0ab
247,248,M2-12,M2-DM.ef
248,249,M2-12,M2-VF.bc
249,250,M2-12,M2-BK.a
250,251,M2-13,M2-HF.+
251,252,M2-13,M2-DM.0
252,253,M2-13,M2-VF.a
253,254,M2-14,M2-HF.+
254,255,M2-14,M2-DM.0
255,256,M2-14,M2-VF.bc
256,257,M2-15,M2-HF.+
257,258,M2-15,M2-DM.a
258,259,M2-15,M2-VF.a
259,260,M2-16,M2-HF.+
260,261,M2-16,M2-DM.a
261,262,M2-16,M2-VF.bc
262,263,M2-17,M2-HF.+
263,264,M2-17,M2-DM.b
264,265,M2-17,M2-VF.a
265,266,M2-18,M2-HF.+
266,267,M2-18,M2-DM.b
267,268,M2-18,M2-VF.bc
268,269,M2-19,M2-HF.+
269,270,M2-19,M2-DM.cd
270,271,M2-19,M2-VF.a
271,272,M2-19,M2-VF.bc
272,273,M2-20,M2-HF.+
273,274,M2-20,M2-DM.ef
274,275,M2-20,M2-VF.a
275,276,M2-20,M2-VF.bc
276,277,M3-1,M3-HF.0ab
277,278,M3-1,M3-SA.def
278,279,M3-1,M3-VF.0ab
279,280,M3-1,M3-TV.ab
280,281,M3-2,M3-HF.0ab
281,282,M3-2,M3-SA.def
282,283,M3-2,M3-VF.0ab
283,284,M3-2,M3-TV.cde
284,285,M3-3,M3-HF.0ab
285,286,M3-3,M3-SA.def
286,287,M3-3,M3-VF.0ab
287,288,M3-3,M3-TV.fgh
288,289,M3-4,M3-HF.0ab
289,290,M3-4,M3-SA.def
290,291,M3-4,M3-VF.cd
291,292,M3-4,M3-TV.ab
292,293,M3-5,M3-HF.0ab
293,294,M3-5,M3-SA.def
294,295,M3-5,M3-VF.cd
295,296,M3-5,M3-TV.cde
296,297,M3-6,M3-HF.0ab
297,298,M3-6,M3-SA.def
298,299,M3-6,M3-VF.cd
299,300,M3-6,M3-TV.fgh
300,301,M3-7,M3-HF.0ab
301,302,M3-7,M3-SA.def
302,303,M3-7,M3-VF.efg
303,304,M3-7,M3-TV.ab
304,305,M3-8,M3-HF.0ab
305,306,M3-8,M3-SA.def
306,307,M3-8,M3-VF.efg
307,308,M3-8,M3-TV.cde
308,309,M3-9,M3-HF.0ab
309,310,M3-9,M3-SA.def
310,311,M3-9,M3-VF.efg
311,312,M3-9,M3-TV.fgh
312,313,M3-10,M3-HF.0ab
313,314,M3-10,M3-SA.def
314,315,M3-10,M3-VF.h
315,316,M3-10,M3-TV.ab
316,317,M3-10,M3-TV.cde
317,318,M3-11,M3-HF.0ab
318,319,M3-11,M3-SA.bc
319,320,M3-11,M3-VF.0ab
320,321,M3-11,M3-VF.cd
321,322,M3-11,M3-TV.ab
322,323,M3-12,M3-HF.0ab
323,324,M3-12,M3-SA.bc
324,325,M3-12,M3-VF.0ab
325,326,M3-12,M3-VF.cd
326,327,M3-12,M3-TV.cde
327,328,M3-12,M3-TV.fgh
328,329,M3-13,M3-HF.0ab
329,330,M3-13,M3-SA.a
330,331,M3-13,M3-VF.0ab
331,332,M3-13,M3-VF.cd
332,333,M3-13,M3-TV.ab
333,334,M3-13,M3-TV.cde
334,335,M3-14,M3-HF.+
335,336,M3-14,M3-SA.def
336,337,M3-14,M3-VF.0ab
337,338,M3-14,M3-TV.ab
338,339,M3-15,M3-HF.+
339,340,M3-15,M3-SA.def
340,341,M3-15,M3-VF.0ab
341,342,M3-15,M3-TV.ab
342,343,M3-15,M3-TV.cde
343,344,M3-16,M3-HF.+
344,345,M3-16,M3-SA.def
345,346,M3-16,M3-VF.cd
346,347,M3-16,M3-TV.ab
347,348,M3-16,M3-TV.cde
348,349,M3-17,M3-HF.+
349,350,M3-17,M3-SA.def
350,351,M3-17,M3-VF.efg
351,352,M3-17,M3-VF.h
352,353,M3-17,M3-TV.ab
353,354,M3-17,M3-TV.cde
354,355,M3-18,M3-HF.+
355,356,M3-18,M3-SA.a
356,357,M3-18,M3-SA.bc
357,358,M3-18,M3-VF.0ab
358,359,M3-18,M3-VF.cd
359,360,M3-18,M3-TV.ab
360,361,M3-18,M3-TV.cde
361,362,M3-19,M3-VF.0ab
362,363,M3-19,M3-VF.cd
363,364,M3-19,M3-TV.ab
364,365,M3-19,M3-TV.cde
365,366,M3-19,M3-IF.¤
366,367,M4-1,M4-DL.abc
367,368,M4-1,M4-SA.de
368,369,M4-1,M4-TV.0
369,370,M4-1,M4-S3E.0a
370,371,M4-1,M4-S3E.b
371,372,M4-1,M4-S3F.0a
372,373,M4-2,M4-DL.abc
373,374,M4-2,M4-SA.de
374,375,M4-2,M4-TV.0
375,376,M4-2,M4-S3E.0a
376,377,M4-2,M4-S3F.¤
377,378,M4-3,M4-DL.abc
378,379,M4-3,M4-SA.de
379,380,M4-3,M4-TV.0
380,381,M4-3,M4-S3E.c
381,382,M4-3,M4-S3F.0a
382,383,M4-4,M4-DL.abc
383,384,M4-4,M4-SA.de
384,385,M4-4,M4-TV.0
385,386,M4-4,M4-S3E.b
386,387,M4-4,M4-S3E.c
387,388,M4-4,M4-S3F.bc
388,389,M4-5,M4-DL.abc
389,390,M4-5,M4-SA.de
390,391,M4-5,M4-TV.0
391,392,M4-5,M4-S3E.b
392,393,M4-5,M4-S3E.c
393,394,M4-5,M4-S3E.d
394,395,M4-5,M4-S3F.¤
395,396,M4-6,M4-DL.abc
396,397,M4-6,M4-SA.de
397,398,M4-6,M4-TV.0
398,399,M4-6,M4-S3E.d
399,400,M4-6,M4-S3E.e
400,401,M4-6,M4-S3F.0a
401,402,M4-7,M4-DL.abc
402,403,M4-7,M4-SA.de
403,404,M4-7,M4-TV.0
404,405,M4-7,M4-S3E.d
405,406,M4-7,M4-S3F.bc
406,407,M4-8,M4-DL.abc
407,408,M4-8,M4-SA.de
408,409,M4-8,M4-TV.0
409,410,M4-8,M4-S3E.e
410,411,M4-8,M4-S3F.¤
411,412,M4-9,M4-DL.abc
412,413,M4-9,M4-SA.de
413,414,M4-9,M4-TV.0
414,415,M4-9,M4-S3E.0a
415,416,M4-9,M4-S3F.¤
416,417,M4-9,M4-IO.¤
417,418,M4-10,M4-DL.abc
418,419,M4-10,M4-SA.de
419,420,M4-10,M4-TV.0
420,421,M4-10,M4-S3S.a
421,422,M4-11,M4-DL.abc
422,423,M4-11,M4-SA.de
423,424,M4-11,M4-TV.0
424,425,M4-11,M4-S3S.b
425,426,M4-12,M4-DL.d
426,427,M4-12,M4-SA.de
427,428,M4-12,M4-S3E.0a
428,429,M4-12,M4-S3E.b
429,430,M4-12,M4-S3F.0a
430,431,M4-13,M4-DL.d
431,432,M4-13,M4-SA.de
432,433,M4-13,M4-S3E.0a
433,434,M4-13,M4-S3F.¤
434,435,M4-14,M4-DL.d
435,436,M4-14,M4-SA.de
436,437,M4-14,M4-S3E.c
437,438,M4-14,M4-S3E.d
438,439,M4-14,M4-S3E.e
439,440,M4-14,M4-S3F.0a
440,441,M4-15,M4-DL.d
441,442,M4-15,M4-SA.de
442,443,M4-15,M4-S3E.b
443,444,M4-15,M4-S3E.c
444,445,M4-15,M4-S3E.d
445,446,M4-15,M4-S3F.bc
446,447,M4-16,M4-DL.d
447,448,M4-16,M4-SA.de
448,449,M4-16,M4-S3E.b
449,450,M4-16,M4-S3E.c
450,451,M4-16,M4-S3E.d
451,452,M4-16,M4-S3F.¤
452,453,M4-17,M4-DL.d
453,454,M4-17,M4-SA.de
454,455,M4-17,M4-S3E.e
455,456,M4-17,M4-S3F.¤
456,457,M4-18,M4-DL.d
457,458,M4-18,M4-SA.de
458,459,M4-18,M4-S3E.0a
459,460,M4-18,M4-S3F.¤
460,461,M4-18,M4-IO.¤
461,462,M4-19,M4-DL.d
462,463,M4-19,M4-SA.de
463,464,M4-19,M4-S3S.a
464,465,M4-20,M4-DL.d
465,466,M4-20,M4-SA.de
466,467,M4-20,M4-S3S.b
467,468,M4-21,M4-DL.abc
468,469,M4-21,M4-SA.abc
469,470,M4-21,M4-TV.0
470,471,M4-21,M4-S3E.0a
471,472,M4-21,M4-S3E.b
472,473,M4-21,M4-S3F.0a
473,474,M4-22,M4-DL.abc
474,475,M4-22,M4-SA.abc
475,476,M4-22,M4-TV.0
476,477,M4-22,M4-S3E.0a
477,478,M4-22,M4-S3F.¤
478,479,M4-23,M4-DL.abc
479,480,M4-23,M4-SA.abc
480,481,M4-23,M4-TV.0
481,482,M4-23,M4-S3E.b
482,483,M4-23,M4-S3E.c
483,484,M4-23,M4-S3F.bc
484,485,M4-24,M4-DL.abc
485,486,M4-24,M4-SA.abc
486,487,M4-24,M4-TV.0
487,488,M4-24,M4-S3E.b
488,489,M4-24,M4-S3E.c
489,490,M4-24,M4-S3E.d
490,491,M4-24,M4-S3E.e
491,492,M4-24,M4-S3F.¤
492,493,M4-25,M4-DL.abc
493,494,M4-25,M4-SA.abc
494,495,M4-25,M4-TV.0
495,496,M4-25,M4-S3E.c
496,497,M4-25,M4-S3E.d
497,498,M4-25,M4-S3E.e
498,499,M4-25,M4-S3F.0a
499,500,M4-26,M4-DL.abc
500,501,M4-26,M4-SA.abc
501,502,M4-26,M4-TV.0
502,503,M4-26,M4-S3E.d
503,504,M4-26,M4-S3F.bc
504,505,M4-27,M4-DL.abc
505,506,M4-27,M4-SA.abc
506,507,M4-27,M4-TV.0
507,508,M4-27,M4-S3E.0a
508,509,M4-27,M4-S3F.¤
509,510,M4-27,M4-IO.¤
510,511,M4-28,M4-DL.abc
511,512,M4-28,M4-SA.abc
512,513,M4-28,M4-TV.0
513,514,M4-28,M4-S3E.0a
514,515,M4-28,M4-S3F.¤
515,516,M4-28,M4-KA.hi
516,517,M4-29,M4-DL.abc
517,518,M4-29,M4-SA.de
518,519,M4-29,M4-TV.ab
519,520,M4-29,M4-S3E.0a
520,521,M4-29,M4-S3E.b
521,522,M4-29,M4-S3F.0a
522,523,M4-30,M4-DL.abc
523,524,M4-30,M4-SA.de
524,525,M4-30,M4-TV.ab
525,526,M4-30,M4-S3E.0a
526,527,M4-30,M4-S3F.¤
527,528,M4-31,M4-DL.abc
528,529,M4-31,M4-SA.de
529,530,M4-31,M4-TV.ab
530,531,M4-31,M4-S3E.b
531,532,M4-31,M4-S3E.c
532,533,M4-31,M4-S3F.bc
533,534,M4-32,M4-DL.abc
534,535,M4-32,M4-SA.de
535,536,M4-32,M4-TV.ab
536,537,M4-32,M4-S3E.b
537,538,M4-32,M4-S3E.c
538,539,M4-32,M4-S3F.¤
539,540,M4-33,M4-DL.abc
540,541,M4-33,M4-SA.de
541,542,M4-33,M4-TV.ab
542,543,M4-33,M4-S3E.c
543,544,M4-33,M4-S3F.0a
544,545,M4-34,M4-DL.abc
545,546,M4-34,M4-SA.de
546,547,M4-34,M4-TV.ab
547,548,M4-34,M4-S3E.d
548,549,M4-34,M4-S3E.e
549,550,M4-34,M4-S3F.0a
550,551,M4-35,M4-DL.abc
551,552,M4-35,M4-SA.de
552,553,M4-35,M4-TV.ab
553,554,M4-35,M4-S3E.d
554,555,M4-35,M4-S3F.¤
555,556,M4-36,M4-DL.abc
556,557,M4-36,M4-SA.de
557,558,M4-36,M4-TV.ab
558,559,M4-36,M4-S3E.0a
559,560,M4-36,M4-S3F.¤
560,561,M4-36,M4-IO.¤
561,562,M4-37,M4-DL.abc
562,563,M4-37,M4-SA.de
563,564,M4-37,M4-TV.ab
564,565,M4-37,M4-S3S.a
565,566,M4-38,M4-DL.abc
566,567,M4-38,M4-SA.abc
567,568,M4-38,M4-TV.ab
568,569,M4-38,M4-S3E.0a
569,570,M4-38,M4-S3E.b
570,571,M4-38,M4-S3F.0a
571,572,M4-39,M4-DL.abc
572,573,M4-39,M4-SA.abc
573,574,M4-39,M4-TV.ab
574,575,M4-39,M4-S3E.0a
575,576,M4-39,M4-S3F.¤
576,577,M4-40,M4-DL.abc
577,578,M4-40,M4-SA.abc
578,579,M4-40,M4-TV.ab
579,580,M4-40,M4-S3E.b
580,581,M4-40,M4-S3E.c
581,582,M4-40,M4-S3F.bc
582,583,M4-41,M4-DL.abc
583,584,M4-41,M4-SA.abc
584,585,M4-41,M4-TV.ab
585,586,M4-41,M4-S3E.b
586,587,M4-41,M4-S3E.c
587,588,M4-41,M4-S3F.¤
588,589,M4-42,M4-DL.abc
589,590,M4-42,M4-SA.abc
590,591,M4-42,M4-TV.ab
591,592,M4-42,M4-S3E.d
592,593,M4-42,M4-S3F.¤
593,594,M4-43,M4-DL.abc
594,595,M4-43,M4-SA.abc
595,596,M4-43,M4-TV.ab
596,597,M4-43,M4-S3E.0a
597,598,M4-43,M4-S3F.¤
598,599,M4-43,M4-IO.¤
599,600,M4-44,M4-DL.abc
600,601,M4-44,M4-SA.abc
601,602,M4-44,M4-S3E.0a
602,603,M4-44,M4-S3E.b
603,604,M4-44,M4-S3E.c
604,605,M4-44,M4-S3E.d
605,606,M4-44,M4-S3E.e
606,607,M4-44,M4-S3F.0a
607,608,M4-44,M4-S3F.bc
608,609,M4-44,M4-SE.¤
609,610,M5-1,M5-DM.0
610,611,M5-1,M5-S3E.0a
611,612,M5-1,M5-S3E.b
612,613,M5-1,M5-S3F.0a
613,614,M5-2,M5-DM.0
614,615,M5-2,M5-S3E.0a
615,616,M5-2,M5-S3F.¤
616,617,M5-3,M5-DM.0
617,618,M5-3,M5-S3E.cd
618,619,M5-3,M5-S3E.e
619,620,M5-3,M5-S3F.0a
620,621,M5-4,M5-DM.0
621,622,M5-4,M5-S3E.b
622,623,M5-4,M5-S3E.cd
623,624,M5-4,M5-S3F.bc
624,625,M5-5,M5-DM.0
625,626,M5-5,M5-S3E.b
626,627,M5-5,M5-S3E.cd
627,628,M5-5,M5-S3F.¤
628,629,M5-6,M5-DM.0
629,630,M5-6,M5-S3E.e
630,631,M5-6,M5-S3F.¤
631,632,M5-7,M5-DM.0
632,633,M5-7,M5-S3E.0a
633,634,M5-7,M5-S3F.¤
634,635,M5-7,M5-IO.¤
635,636,M5-8,M5-DM.0
636,637,M5-8,M5-S3S.a
637,638,M5-9,M5-DM.0
638,639,M5-9,M5-S3S.c
639,640,M5-10,M5-DM.0
640,641,M5-10,M5-S3S.d
641,642,M5-11,M5-DM.a
642,643,M5-11,M5-S3E.0a
643,644,M5-11,M5-S3E.b
644,645,M5-11,M5-S3F.0a
645,646,M5-12,M5-DM.a
646,647,M5-12,M5-S3E.0a
647,648,M5-12,M5-S3F.¤
648,649,M5-13,M5-DM.a
649,650,M5-13,M5-S3E.cd
650,651,M5-13,M5-S3E.e
651,652,M5-13,M5-S3F.0a
652,653,M5-14,M5-DM.a
653,654,M5-14,M5-S3E.b
654,655,M5-14,M5-S3E.cd
655,656,M5-14,M5-S3F.bc
656,657,M5-15,M5-DM.a
657,658,M5-15,M5-S3E.b
658,659,M5-15,M5-S3E.cd
659,660,M5-15,M5-S3F.¤
660,661,M5-16,M5-DM.a
661,662,M5-16,M5-S3E.e
662,663,M5-16,M5-S3F.¤
663,664,M5-17,M5-DM.a
664,665,M5-17,M5-S3E.0a
665,666,M5-17,M5-S3F.¤
666,667,M5-17,M5-IO.¤
667,668,M5-18,M5-DM.a
668,669,M5-18,M5-S3S.c
669,670,M5-19,M5-DM.a
670,671,M5-19,M5-S3S.d
671,672,M5-20,M5-DM.b
672,673,M5-20,M5-S3E.0a
673,674,M5-20,M5-S3E.b
674,675,M5-20,M5-S3F.0a
675,676,M5-21,M5-DM.b
676,677,M5-21,M5-S3E.0a
677,678,M5-21,M5-S3F.¤
678,679,M5-22,M5-DM.b
679,680,M5-22,M5-S3E.cd
680,681,M5-22,M5-S3E.e
681,682,M5-22,M5-S3F.0a
682,683,M5-23,M5-DM.b
683,684,M5-23,M5-S3E.b
684,685,M5-23,M5-S3E.cd
685,686,M5-23,M5-S3F.bc
686,687,M5-24,M5-DM.b
687,688,M5-24,M5-S3E.b
688,689,M5-24,M5-S3E.cd
689,690,M5-24,M5-S3F.¤
690,691,M5-25,M5-DM.b
691,692,M5-25,M5-S3E.e
692,693,M5-25,M5-S3F.¤
693,694,M5-26,M5-DM.b
694,695,M5-26,M5-S3S.c
695,696,M5-27,M5-DM.cd
696,697,M5-27,M5-S3E.0a
697,698,M5-27,M5-S3E.b
698,699,M5-27,M5-S3F.0a
699,700,M5-28,M5-DM.cd
700,701,M5-28,M5-S3E.0a
701,702,M5-28,M5-S3F.¤
702,703,M5-29,M5-DM.cd
703,704,M5-29,M5-S3E.cd
704,705,M5-29,M5-S3E.e
705,706,M5-29,M5-S3F.0a
706,707,M5-30,M5-DM.cd
707,708,M5-30,M5-S3E.b
708,709,M5-30,M5-S3E.cd
709,710,M5-30,M5-S3F.¤
710,711,M5-31,M5-DM.cd
711,712,M5-31,M5-S3E.e
712,713,M5-31,M5-S3F.¤
713,714,M5-32,M5-DM.cd
714,715,M5-32,M5-S3S.c
715,716,M5-33,M5-DM.ef
716,717,M5-33,M5-S3E.0a
717,718,M5-33,M5-S3E.b
718,719,M5-33,M5-S3F.0a
719,720,M5-34,M5-DM.ef
720,721,M5-34,M5-S3E.0a
721,722,M5-34,M5-S3F.¤
722,723,M5-35,M5-DM.ef
723,724,M5-35,M5-S3E.cd
724,725,M5-35,M5-S3E.e
725,726,M5-35,M5-S3F.0a
726,727,M5-36,M5-DM.ef
727,728,M5-36,M5-S3E.b
728,729,M5-36,M5-S3E.cd
729,730,M5-36,M5-S3F.¤
730,731,M5-37,M5-DM.ef
731,732,M5-37,M5-S3E.e
732,733,M5-37,M5-S3F.¤
733,734,M5-38,M5-DM.ef
734,735,M5-38,M5-S3S.c
735,736,M6-1,M6-KY.0
736,737,M6-2,M6-KY.a
737,738,M7-1,M7-SA.abc
738,739,M7-1,M7-TV.0
739,740,M7-2,M7-SA.abc
740,741,M7-2,M7-TV.ab
741,742,M7-3,M7-SA.def
742,743,M7-3,M7-TV.0
743,744,M7-4,M7-SA.def
744,745,M7-4,M7-TV.ab
745,746,M9-1,M9-SM.gh
746,747,M9-1,M9-TV.cdefgh
747,748,M9-2,M9-SM.gh
748,749,M9-2,M9-TV.ij
749,750,M9-3,M9-SM.gh
750,751,M9-3,M9-TV.k
751,752,M9-4,M9-SM.i
752,753,M9-4,M9-TV.cdefgh
753,754,M9-5,M9-SM.i
754,755,M9-5,M9-TV.ij
755,756,M9-6,M9-SM.i
756,757,M9-6,M9-TV.k
757,758,M9-7,M9-SM.¤
758,759,M9-7,M9-TV.ij
759,760,M9-7,M9-TV.k
760,761,M9-8,M9-SM.gh
761,762,M9-8,M9-TV.cdefgh
762,763,M9-8,M9-SE.b
763,764,M9-9,M9-SM.i
764,765,M9-9,M9-TV.cdefgh
765,766,M9-9,M9-SE.b
766,767,M10-1,M10-DL.0
767,768,M10-1,M10-GS.ab
768,769,M10-2,M10-DL.abcd
769,770,M10-2,M10-GS.ab
770,771,M10-3,M10-DL.e+
771,772,M10-3,M10-GS.ab
772,773,M10-3,M10-GS.cd¤
773,774,M10-4,M10-DL.0
774,775,M10-4,M10-GS.cd¤
775,776,M10-5,M10-DL.abcd
776,777,M10-5,M10-GS.cd¤
777,778,M11-1,M11-DM.0
778,779,M11-1,M11-KI.e
779,780,M11-2,M11-DM.0
780,781,M11-2,M11-KI.¤
781,782,M11-3,M11-DM.a
782,783,M11-3,M11-KI.e
783,784,M11-4,M11-DM.a
784,785,M11-4,M11-KI.¤
785,786,M11-5,M11-DM.bcdef
786,787,M11-5,M11-KI.e
787,788,M11-6,M11-DM.bcdef
788,789,M11-6,M11-KI.¤
789,790,M11-7,M11-DM.bcdef
790,791,M11-7,M11-KI.¤
791,792,M11-7,M11-KT.e
792,793,M12-1,M12-JV.ab
793,794,M12-1,M12-DM.0
794,795,M12-2,M12-JV.ab
795,796,M12-2,M12-DM.a
796,797,M12-3,M12-JV.ab
797,798,M12-3,M12-DM.bcdef
798,799,M12-4,M12-JV.cd
799,800,M12-4,M12-DM.0
800,801,M12-5,M12-JV.cd
801,802,M12-5,M12-DM.a
802,803,M12-6,M12-JV.cd
803,804,M12-6,M12-DM.bcdef
804,805,M12-7,M12-JV.e¤
805,806,M12-7,M12-DM.0
806,807,M12-7,M12-DM.a
807,808,M13-1,M13-OM.b
808,809,M13-1,M13-DL.abcd
809,810,M13-2,M13-OM.b
810,811,M13-2,M13-DL.e+
811,812,M13-3,M13-OM.¤
812,813,M13-3,M13-DL.abcd
813,814,M13-4,M13-OM.¤
814,815,M13-4,M13-DL.e+
815,816,M14-1,M14-DL.0
816,817,M14-2,M14-DL.abcd
817,818,M14-3,M14-DL.e+
818,819,M15-1,M15-S3E.0abcd
819,820,M15-1,M15-S3F.0ab
820,821,M15-1,M15-HS-M15.A
821,822,M15-2,M15-S3E.0abcd
822,823,M15-2,M15-S3F.c¤
823,824,M15-2,M15-HS-M15.A
824,825,M15-3,M15-S3E.e
825,826,M15-3,M15-S3F.0ab
826,827,M15-3,M15-HS-M15.A
827,828,M15-4,M15-S3E.0abcd
828,829,M15-4,M15-S3F.c¤
829,830,M15-4,M15-HS-M15.B
830,831,L1-1,L1-HU.0
831,832,L1-1,L1-KA.abc
832,833,L1-1,L1-VF.0abcde
833,834,L1-2,L1-HU.0
834,835,L1-2,L1-KA.def
835,836,L1-2,L1-VF.0abcde
836,837,L1-3,L1-HU.0
837,838,L1-3,L1-KA.ghi
838,839,L1-3,L1-VF.0abcde
839,840,L1-4,L1-HU.0
840,841,L1-4,L1-KA.abc
841,842,L1-4,L1-VF.fgh¤
842,843,L1-5,L1-HU.0
843,844,L1-5,L1-KA.def
844,845,L1-5,L1-VF.fgh¤
845,846,L1-6,L1-HU.0
846,847,L1-6,L1-KA.ghi
847,848,L1-6,L1-VF.fgh¤
848,849,L1-7,L1-HU.abcd
849,850,L1-7,L1-KA.abc
850,851,L1-7,L1-VF.0abcde
851,852,L2-1,L2-KA.ab
852,853,L2-1,L2-S3E.0abc
853,854,L2-1,L2-S3E.d
854,855,L2-1,L2-S3F.0ab
855,856,L2-2,L2-KA.ab
856,857,L2-2,L2-S3E.0abc
857,858,L2-2,L2-S3F.c¤
858,859,L2-3,L2-KA.ab
859,860,L2-3,L2-S3E.e
860,861,L2-3,L2-S3F.0ab
861,862,L2-4,L2-KA.ab
862,863,L2-4,L2-S3E.0abc
863,864,L2-4,L2-S3F.c¤
864,865,L2-4,L2-IO.b¤
865,866,L2-5,L2-KA.ab
866,867,L2-5,L2-S3S.0
867,868,L2-5,L2-S3F.c¤
868,869,L2-6,L2-KA.ab
869,870,L2-6,L2-S3S.0
870,871,L2-6,L2-S3F.c¤
871,872,L2-6,L2-VT.c
872,873,L2-7,L2-KA.cde
873,874,L2-7,L2-S3E.0abc
874,875,L2-7,L2-S3E.d
875,876,L2-7,L2-S3F.0ab
876,877,L2-8,L2-KA.cde
877,878,L2-8,L2-S3E.0abc
878,879,L2-8,L2-S3F.c¤
879,880,L2-9,L2-KA.cde
880,881,L2-9,L2-S3E.d
881,882,L2-9,L2-S3F.c¤
882,883,L2-10,L2-KA.cde
883,884,L2-10,L2-S3E.e
884,885,L2-10,L2-S3F.0ab
885,886,L2-11,L2-KA.cde
886,887,L2-11,L2-S3E.0abc
887,888,L2-11,L2-S3F.c¤
888,889,L2-11,L2-IO.b¤
889,890,L2-12,L2-KA.cde
890,891,L2-12,L2-S3S.0
891,892,L2-12,L2-S3F.c¤
892,893,L2-13,L2-KA.fghi
893,894,L2-13,L2-S3E.0abc
894,895,L2-13,L2-S3E.d
895,896,L2-13,L2-S3F.0ab
896,897,L2-14,L2-KA.fghi
897,898,L2-14,L2-S3E.0abc
898,899,L2-14,L2-S3F.c¤
899,900,L2-15,L2-KA.fghi
900,901,L2-15,L2-S3E.d
901,902,L2-15,L2-S3F.c¤
902,903,L2-16,L2-KA.fghi
903,904,L2-16,L2-S3E.e
904,905,L2-16,L2-S3F.0ab
905,906,L2-17,L2-KA.fghi
906,907,L2-17,L2-S3E.0abc
907,908,L2-17,L2-S3E.d
908,909,L2-17,L2-S3F.0ab
909,910,L2-17,L2-SE.¤
910,911,L2-18,L2-KA.fghi
911,912,L2-18,L2-S3E.0abc
912,913,L2-18,L2-S3F.c¤
913,914,L2-18,L2-IO.b¤
914,915,L2-19,L2-KA.fghi
915,916,L2-19,L2-S3S.0
916,917,L2-19,L2-S3F.c¤
917,918,L3-1,L3-KA.abcde
918,919,L3-2,L3-KA.fghi
919,920,L4-1,L4-KA.ab
920,921,L4-2,L4-KA.cde
921,922,L4-3,L4-KA.fghi
922,923,L5-1,L5-KA.cde
923,924,L5-1,L5-KT.a
924,925,L5-2,L5-KA.cde
925,926,L5-2,L5-KT.b
926,927,L5-3,L5-KA.cde
927,928,L5-3,L5-KT.c
928,929,L5-4,L5-KA.fghi
929,930,L5-4,L5-KT.a
930,931,L6-1,L6-OM.b
931,932,L6-2,L6-OM.¤
932,933,L7-1,L7-HS-L7.A
933,934,L7-2,L7-HS-L7.B
934,935,L7-3,L7-HS-L7.C
935,936,L8-1,L8-HS-L8.A
936,937,L8-2,L8-HS-L8.B
937,938,L8-3,L8-HS-L8.C
938,939,L8-4,L8-HS-L8.D
939,940,L8-5,L8-HS-L8.E
940,941,L8-6,L8-HS-L8.F
941,942,L8-7,L8-HS-L8.G
942,943,L8-8,L8-HS-L8.H
943,944,T1-1,T1-OR.0
944,945,T1-1,T1-HF.+
945,946,T1-1,T1-KA.ab
946,947,T1-1,T1-UE.0a
947,948,T1-2,T1-OR.0
948,949,T1-2,T1-HF.+
949,950,T1-2,T1-KA.ab
950,951,T1-2,T1-UE.bc
951,952,T1-3,T1-OR.0
952,953,T1-3,T1-HF.+
953,954,T1-3,T1-KA.ab
954,955,T1-3,T1-UE.de
955,956,T1-4,T1-OR.0
956,957,T1-4,T1-HF.+
957,958,T1-4,T1-KA.ab
958,959,T1-4,T1-UE.fg
959,960,T1-5,T1-OR.0
960,961,T1-5,T1-HF.+
961,962,T1-5,T1-KA.cd
962,963,T1-5,T1-UE.0a
963,964,T1-6,T1-OR.0
964,965,T1-6,T1-HF.+
965,966,T1-6,T1-KA.cd
966,967,T1-6,T1-UE.bc
967,968,T1-7,T1-OR.0
968,969,T1-7,T1-HF.+
969,970,T1-7,T1-KA.cd
970,971,T1-7,T1-UE.de
971,972,T1-8,T1-OR.0
972,973,T1-8,T1-HF.+
973,974,T1-8,T1-KA.cd
974,975,T1-8,T1-UE.fg
975,976,T1-9,T1-OR.0
976,977,T1-9,T1-HF.+
977,978,T1-9,T1-KA.ef
978,979,T1-9,T1-UE.0a
979,980,T1-10,T1-OR.0
980,981,T1-10,T1-HF.+
981,982,T1-10,T1-KA.ef
982,983,T1-10,T1-UE.bc
983,984,T1-11,T1-OR.0
984,985,T1-11,T1-HF.+
985,986,T1-11,T1-KA.ef
986,987,T1-11,T1-UE.de
987,988,T1-12,T1-OR.0
988,989,T1-12,T1-HF.+
989,990,T1-12,T1-KA.ef
990,991,T1-12,T1-UE.fg
991,992,T1-13,T1-OR.0
992,993,T1-13,T1-HF.+
993,994,T1-13,T1-KA.gh
994,995,T1-13,T1-UE.0a
995,996,T1-14,T1-OR.0
996,997,T1-14,T1-HF.+
997,998,T1-14,T1-KA.gh
998,999,T1-14,T1-UE.bc
999,1000,T1-15,T1-OR.0
1000,1001,T1-15,T1-HF.+
1001,1002,T1-15,T1-KA.gh
1002,1003,T1-15,T1-UE.de
1003,1004,T1-16,T1-OR.0
1004,1005,T1-16,T1-HF.+
1005,1006,T1-16,T1-KA.gh
1006,1007,T1-16,T1-UE.fg
1007,1008,T1-17,T1-OR.0
1008,1009,T1-17,T1-HF.+
1009,1010,T1-17,T1-KA.i
1010,1011,T1-17,T1-UE.0a
1011,1012,T1-18,T1-OR.0
1012,1013,T1-18,T1-HF.+
1013,1014,T1-18,T1-KA.i
1014,1015,T1-18,T1-UE.bc
1015,1016,T1-19,T1-OR.0
1016,1017,T1-19,T1-HF.+
1017,1018,T1-19,T1-KA.i
1018,1019,T1-19,T1-UE.de
1019,1020,T1-20,T1-OR.0
1020,1021,T1-20,T1-HF.+
1021,1022,T1-20,T1-KA.i
1022,1023,T1-20,T1-UE.fg
1023,1024,T1-21,T1-OR.ab
1024,1025,T1-21,T1-HF.0ab
1025,1026,T1-21,T1-HF.+
1026,1027,T1-21,T1-KA.ab
1027,1028,T1-21,T1-UE.0a
1028,1029,T1-21,T1-UE.bc
1029,1030,T1-22,T1-OR.ab
1030,1031,T1-22,T1-HF.0ab
1031,1032,T1-22,T1-HF.+
1032,1033,T1-22,T1-KA.ab
1033,1034,T1-22,T1-UE.de
1034,1035,T1-23,T1-OR.ab
1035,1036,T1-23,T1-HF.0ab
1036,1037,T1-23,T1-HF.+
1037,1038,T1-23,T1-KA.ab
1038,1039,T1-23,T1-UE.fg
1039,1040,T1-24,T1-OR.ab
1040,1041,T1-24,T1-HF.0ab
1041,1042,T1-24,T1-HF.+
1042,1043,T1-24,T1-KA.cd
1043,1044,T1-24,T1-UE.0a
1044,1045,T1-24,T1-UE.bc
1045,1046,T1-25,T1-OR.ab
1046,1047,T1-25,T1-HF.0ab
1047,1048,T1-25,T1-HF.+
1048,1049,T1-25,T1-KA.cd
1049,1050,T1-25,T1-UE.de
1050,1051,T1-26,T1-OR.ab
1051,1052,T1-26,T1-HF.0ab
1052,1053,T1-26,T1-HF.+
1053,1054,T1-26,T1-KA.cd
1054,1055,T1-26,T1-UE.fg
1055,1056,T1-27,T1-OR.ab
1056,1057,T1-27,T1-HF.0ab
1057,1058,T1-27,T1-HF.+
1058,1059,T1-27,T1-KA.ef
1059,1060,T1-27,T1-UE.0a
1060,1061,T1-27,T1-UE.bc
1061,1062,T1-28,T1-OR.ab
1062,1063,T1-28,T1-HF.0ab
1063,1064,T1-28,T1-HF.+
1064,1065,T1-28,T1-KA.ef
1065,1066,T1-28,T1-UE.de
1066,1067,T1-29,T1-OR.ab
1067,1068,T1-29,T1-HF.0ab
1068,1069,T1-29,T1-HF.+
1069,1070,T1-29,T1-KA.ef
1070,1071,T1-29,T1-UE.fg
1071,1072,T1-30,T1-OR.ab
1072,1073,T1-30,T1-HF.0ab
1073,1074,T1-30,T1-HF.+
1074,1075,T1-30,T1-KA.gh
1075,1076,T1-30,T1-KA.i
1076,1077,T1-30,T1-UE.0a
1077,1078,T1-30,T1-UE.bc
1078,1079,T1-31,T1-OR.ab
1079,1080,T1-31,T1-HF.0ab
1080,1081,T1-31,T1-HF.+
1081,1082,T1-31,T1-KA.gh
1082,1083,T1-31,T1-KA.i
1083,1084,T1-31,T1-UE.de
1084,1085,T1-32,T1-OR.ab
1085,1086,T1-32,T1-HF.0ab
1086,1087,T1-32,T1-HF.+
1087,1088,T1-32,T1-KA.gh
1088,1089,T1-32,T1-KA.i
1089,1090,T1-32,T1-UE.fg
1090,1091,T1-33,T1-OR.c
1091,1092,T1-33,T1-HF.0ab
1092,1093,T1-33,T1-HF.+
1093,1094,T1-33,T1-KA.ab
1094,1095,T1-33,T1-UE.0a
1095,1096,T1-33,T1-UE.bc
1096,1097,T1-34,T1-OR.c
1097,1098,T1-34,T1-HF.0ab
1098,1099,T1-34,T1-HF.+
1099,1100,T1-34,T1-KA.ab
1100,1101,T1-34,T1-UE.de
1101,1102,T1-34,T1-UE.fg
1102,1103,T1-35,T1-OR.c
1103,1104,T1-35,T1-HF.0ab
1104,1105,T1-35,T1-HF.+
1105,1106,T1-35,T1-KA.cd
1106,1107,T1-35,T1-UE.0a
1107,1108,T1-35,T1-UE.bc
1108,1109,T1-36,T1-OR.c
1109,1110,T1-36,T1-HF.0ab
1110,1111,T1-36,T1-HF.+
1111,1112,T1-36,T1-KA.cd
1112,1113,T1-36,T1-UE.de
1113,1114,T1-36,T1-UE.fg
1114,1115,T1-37,T1-OR.c
1115,1116,T1-37,T1-HF.0ab
1116,1117,T1-37,T1-HF.+
1117,1118,T1-37,T1-KA.ef
1118,1119,T1-37,T1-UE.0a
1119,1120,T1-37,T1-UE.bc
1120,1121,T1-38,T1-OR.c
1121,1122,T1-38,T1-HF.0ab
1122,1123,T1-38,T1-HF.+
1123,1124,T1-38,T1-KA.ef
1124,1125,T1-38,T1-UE.de
1125,1126,T1-38,T1-UE.fg
1126,1127,T1-39,T1-OR.c
1127,1128,T1-39,T1-HF.0ab
1128,1129,T1-39,T1-HF.+
1129,1130,T1-39,T1-KA.gh
1130,1131,T1-39,T1-KA.i
1131,1132,T1-39,T1-UE.0a
1132,1133,T1-39,T1-UE.bc
1133,1134,T1-40,T1-OR.c
1134,1135,T1-40,T1-HF.0ab
1135,1136,T1-40,T1-HF.+
1136,1137,T1-40,T1-KA.gh
1137,1138,T1-40,T1-KA.i
1138,1139,T1-40,T1-UE.de
1139,1140,T1-40,T1-UE.fg
1140,1141,T1-41,T1-OR.0
1141,1142,T1-41,T1-HF.0ab
1142,1143,T1-41,T1-KA.ab
1143,1144,T1-41,T1-UE.0a
1144,1145,T1-42,T1-OR.0
1145,1146,T1-42,T1-HF.0ab
1146,1147,T1-42,T1-KA.ab
1147,1148,T1-42,T1-UE.bc
1148,1149,T1-43,T1-OR.0
1149,1150,T1-43,T1-HF.0ab
1150,1151,T1-43,T1-KA.ab
1151,1152,T1-43,T1-UE.de
1152,1153,T1-44,T1-OR.0
1153,1154,T1-44,T1-HF.0ab
1154,1155,T1-44,T1-KA.ab
1155,1156,T1-44,T1-UE.fg
1156,1157,T1-45,T1-OR.0
1157,1158,T1-45,T1-HF.0ab
1158,1159,T1-45,T1-KA.cd
1159,1160,T1-45,T1-UE.0a
1160,1161,T1-46,T1-OR.0
1161,1162,T1-46,T1-HF.0ab
1162,1163,T1-46,T1-KA.cd
1163,1164,T1-46,T1-UE.bc
1164,1165,T1-47,T1-OR.0
1165,1166,T1-47,T1-HF.0ab
1166,1167,T1-47,T1-KA.cd
1167,1168,T1-47,T1-UE.de
1168,1169,T1-48,T1-OR.0
1169,1170,T1-48,T1-HF.0ab
1170,1171,T1-48,T1-KA.cd
1171,1172,T1-48,T1-UE.fg
1172,1173,T1-49,T1-OR.0
1173,1174,T1-49,T1-HF.0ab
1174,1175,T1-49,T1-KA.ef
1175,1176,T1-49,T1-UE.0a
1176,1177,T1-50,T1-OR.0
1177,1178,T1-50,T1-HF.0ab
1178,1179,T1-50,T1-KA.ef
1179,1180,T1-50,T1-UE.bc
1180,1181,T1-51,T1-OR.0
1181,1182,T1-51,T1-HF.0ab
1182,1183,T1-51,T1-KA.ef
1183,1184,T1-51,T1-UE.de
1184,1185,T1-52,T1-OR.0
1185,1186,T1-52,T1-HF.0ab
1186,1187,T1-52,T1-KA.ef
1187,1188,T1-52,T1-UE.fg
1188,1189,T1-53,T1-OR.0
1189,1190,T1-53,T1-HF.+
1190,1191,T1-53,T1-KA.gh
1191,1192,T1-53,T1-UE.0a
1192,1193,T1-54,T1-OR.0
1193,1194,T1-54,T1-HF.+
1194,1195,T1-54,T1-KA.gh
1195,1196,T1-54,T1-UE.bc
1196,1197,T1-55,T1-OR.0
1197,1198,T1-55,T1-HF.+
1198,1199,T1-55,T1-KA.gh
1199,1200,T1-55,T1-UE.de
1200,1201,T1-56,T1-OR.0
1201,1202,T1-56,T1-HF.+
1202,1203,T1-56,T1-KA.gh
1203,1204,T1-56,T1-UE.fg
1204,1205,T1-57,T1-OR.0
1205,1206,T1-57,T1-HF.+
1206,1207,T1-57,T1-KA.i
1207,1208,T1-57,T1-UE.0a
1208,1209,T1-58,T1-OR.0
1209,1210,T1-58,T1-HF.+
1210,1211,T1-58,T1-KA.i
1211,1212,T1-58,T1-UE.bc
1212,1213,T1-59,T1-OR.0
1213,1214,T1-59,T1-HF.+
1214,1215,T1-59,T1-KA.i
1215,1216,T1-59,T1-UE.de
1216,1217,T1-60,T1-OR.0
1217,1218,T1-60,T1-HF.+
1218,1219,T1-60,T1-KA.i
1219,1220,T1-60,T1-UE.fg
1220,1221,T1-61,T1-VF.bcdef
1221,1222,T1-61,T1-KA.ab
1222,1223,T1-61,T1-HF.0ab
1223,1224,T1-62,T1-VF.bcdef
1224,1225,T1-62,T1-KA.ab
1225,1226,T1-62,T1-HF.+
1226,1227,T1-63,T1-VF.bcdef
1227,1228,T1-63,T1-KA.cd
1228,1229,T1-63,T1-HF.0ab
1229,1230,T1-64,T1-VF.bcdef
1230,1231,T1-64,T1-KA.cd
1231,1232,T1-64,T1-HF.+
1232,1233,T1-65,T1-VF.bcdef
1233,1234,T1-65,T1-KA.ef
1234,1235,T1-65,T1-HF.0ab
1235,1236,T1-66,T1-VF.bcdef
1236,1237,T1-66,T1-KA.ef
1237,1238,T1-66,T1-HF.+
1238,1239,T1-67,T1-VF.bcdef
1239,1240,T1-67,T1-KA.gh
1240,1241,T1-67,T1-KA.i
1241,1242,T1-67,T1-HF.0ab
1242,1243,T1-68,T1-VF.bcdef
1243,1244,T1-68,T1-KA.gh
1244,1245,T1-68,T1-KA.i
1245,1246,T1-68,T1-HF.+
1246,1247,T1-69,T1-VS.+
1247,1248,T1-69,T1-KA.ab
1248,1249,T1-69,T1-HF.0ab
1249,1250,T1-70,T1-VS.+
1250,1251,T1-70,T1-KA.ab
1251,1252,T1-70,T1-HF.+
1252,1253,T1-71,T1-VS.+
1253,1254,T1-71,T1-KA.cd
1254,1255,T1-71,T1-HF.0ab
1255,1256,T1-72,T1-VS.+
1256,1257,T1-72,T1-KA.cd
1257,1258,T1-72,T1-HF.+
1258,1259,T1-73,T1-VS.+
1259,1260,T1-73,T1-KA.ef
1260,1261,T1-73,T1-HF.0ab
1261,1262,T1-74,T1-VS.+
1262,1263,T1-74,T1-KA.ef
1263,1264,T1-74,T1-HF.+
1264,1265,T1-75,T1-VS.+
1265,1266,T1-75,T1-KA.gh
1266,1267,T1-75,T1-KA.i
1267,1268,T1-75,T1-HF.0ab
1268,1269,T1-76,T1-VS.+
1269,1270,T1-76,T1-KA.gh
1270,1271,T1-76,T1-KA.i
1271,1272,T1-76,T1-HF.+
1272,1273,T1-77,T1-KA.ab
1273,1274,T1-77,T1-KA.cd
1274,1275,T1-77,T1-UE.0a
1275,1276,T1-77,T1-UE.bc
1276,1277,T1-77,T1-LA.0abcd
1277,1278,T1-78,T1-KA.ab
1278,1279,T1-78,T1-KA.cd
1279,1280,T1-78,T1-UE.de
1280,1281,T1-78,T1-UE.fg
1281,1282,T1-78,T1-LA.0abcd
1282,1283,T1-79,T1-KA.ef
1283,1284,T1-79,T1-KA.gh
1284,1285,T1-79,T1-UE.0a
1285,1286,T1-79,T1-UE.bc
1286,1287,T1-79,T1-LA.0abcd
1287,1288,T1-80,T1-KA.ef
1288,1289,T1-80,T1-KA.gh
1289,1290,T1-80,T1-UE.de
1290,1291,T1-80,T1-UE.fg
1291,1292,T1-80,T1-LA.0abcd
1292,1293,T1-81,T1-KA.ab
1293,1294,T1-81,T1-KA.cd
1294,1295,T1-81,T1-UE.0a
1295,1296,T1-81,T1-UE.bc
1296,1297,T1-81,T1-UE.de
1297,1298,T1-81,T1-SV.abcd
1298,1299,T1-82,T1-KA.ef
1299,1300,T1-82,T1-KA.gh
1300,1301,T1-82,T1-UE.0a
1301,1302,T1-82,T1-UE.bc
1302,1303,T1-82,T1-UE.de
1303,1304,T1-82,T1-SV.abcd
1304,1305,T1-83,T1-KA.ab
1305,1306,T1-83,T1-KA.cd
1306,1307,T1-83,T1-UE.0a
1307,1308,T1-83,T1-UE.bc
1308,1309,T1-83,T1-UE.de
1309,1310,T1-83,T1-VI.bc
1310,1311,T1-84,T1-KA.ef
1311,1312,T1-84,T1-KA.gh
1312,1313,T1-84,T1-UE.0a
1313,1314,T1-84,T1-UE.bc
1314,1315,T1-84,T1-UE.de
1315,1316,T1-84,T1-VI.bc
1316,1317,T1-85,T1-KA.ab
1317,1318,T1-85,T1-KA.cd
1318,1319,T1-85,T1-KA.ef
1319,1320,T1-85,T1-KA.gh
1320,1321,T1-85,T1-UE.0a
1321,1322,T1-85,T1-UE.bc
1322,1323,T1-85,T1-UE.de
1323,1324,T1-85,T1-NG.bcd¤
1324,1325,T2-1,T2-KA.abc
1325,1326,T2-1,T2-UF.def
1326,1327,T2-2,T2-KA.abc
1327,1328,T2-2,T2-UF.gh
1328,1329,T2-3,T2-KA.de
1329,1330,T2-3,T2-UF.def
1330,1331,T2-4,T2-KA.de
1331,1332,T2-4,T2-UF.gh
1332,1333,T2-5,T2-KA.fg
1333,1334,T2-5,T2-UF.def
1334,1335,T2-6,T2-KA.fg
1335,1336,T2-6,T2-UF.gh
1336,1337,T2-7,T2-KA.hi
1337,1338,T2-7,T2-UF.def
1338,1339,T2-8,T2-KA.hi
1339,1340,T2-8,T2-UF.gh
1340,1341,T3-1,T3-KA.abc
1341,1342,T3-1,T3-UF.bc
1342,1343,T3-2,T3-KA.abc
1343,1344,T3-2,T3-UF.de
1344,1345,T3-3,T3-KA.abc
1345,1346,T3-3,T3-UF.fg
1346,1347,T3-4,T3-KA.de
1347,1348,T3-4,T3-UF.bc
1348,1349,T3-5,T3-KA.de
1349,1350,T3-5,T3-UF.de
1350,1351,T3-6,T3-KA.de
1351,1352,T3-6,T3-UF.fg
1352,1353,T3-7,T3-KA.fg
1353,1354,T3-7,T3-UF.bc
1354,1355,T3-8,T3-KA.fg
1355,1356,T3-8,T3-UF.de
1356,1357,T3-9,T3-KA.fg
1357,1358,T3-9,T3-UF.fg
1358,1359,T3-10,T3-KA.hi
1359,1360,T3-10,T3-UF.bc
1360,1361,T3-11,T3-KA.hi
1361,1362,T3-11,T3-UF.de
1362,1363,T3-12,T3-KA.hi
1363,1364,T3-12,T3-UF.fg
1364,1365,T3-13,T3-KA.de
1365,1366,T3-13,T3-UF.bc
1366,1367,T3-13,T3-KI.bc
1367,1368,T3-14,T3-KA.fg
1368,1369,T3-14,T3-KA.hi
1369,1370,T3-14,T3-UF.bc
1370,1371,T3-14,T3-KI.bc
1371,1372,T5-1,T5-GS.a
1372,1373,T5-1,T5-KA.abc
1373,1374,T5-2,T5-GS.a
1374,1375,T5-2,T5-KA.defg
1375,1376,T5-3,T5-GS.a
1376,1377,T5-3,T5-KA.hi
1377,1378,T5-4,T5-GS.bcd
1378,1379,T5-4,T5-KA.abc
1379,1380,T5-4,T5-KA.defg
1380,1381,T5-5,T5-GS.bcd
1381,1382,T5-5,T5-KA.hi
1382,1383,T5-6,T5-GS.¤
1383,1384,T5-6,T5-KA.abc
1384,1385,T5-6,T5-KA.defg
1385,1386,T5-7,T5-GS.¤
1386,1387,T5-7,T5-KA.hi
1387,1388,T5-8,T5-GS.a
1388,1389,T5-8,T5-KA.abc
1389,1390,T5-8,T5-UE.defg
1390,1391,T5-9,T5-GS.a
1391,1392,T5-9,T5-KA.defg
1392,1393,T5-9,T5-UE.defg
1393,1394,T5-10,T5-GS.a
1394,1395,T5-10,T5-KA.hi
1395,1396,T5-10,T5-UE.defg
1396,1397,T6-1,T6-TV.i
1397,1398,T6-1,T6-KA.bcde
1398,1399,T6-1,T6-VF.0abcde
1399,1400,T6-1,T6-HF.0ab
1400,1401,T6-1,T6-IF.0ab
1401,1402,T6-2,T6-TV.j
1402,1403,T6-2,T6-KA.bcde
1403,1404,T6-2,T6-VF.0abcde
1404,1405,T6-2,T6-HF.0ab
1405,1406,T6-2,T6-IF.0ab
1406,1407,T6-3,T6-TV.k
1407,1408,T6-3,T6-KA.bcde
1408,1409,T6-3,T6-VF.0abcde
1409,1410,T6-3,T6-HF.0ab
1410,1411,T6-3,T6-IF.0ab
1411,1412,T6-4,T6-TV.k
1412,1413,T6-4,T6-KA.fghi
1413,1414,T6-4,T6-VF.0abcde
1414,1415,T6-4,T6-HF.0ab
1415,1416,T6-4,T6-IF.0ab
1416,1417,T6-5,T6-TV.i
1417,1418,T6-5,T6-KA.bcde
1418,1419,T6-5,T6-VF.fgh¤
1419,1420,T6-5,T6-HF.0ab
1420,1421,T6-5,T6-IF.0ab
1421,1422,T6-6,T6-TV.j
1422,1423,T6-6,T6-KA.bcde
1423,1424,T6-6,T6-VF.0abcde
1424,1425,T6-6,T6-HF.+
1425,1426,T6-6,T6-IF.0ab
1426,1427,T6-7,T6-TV.k
1427,1428,T6-7,T6-KA.bcde
1428,1429,T6-7,T6-VF.0abcde
1429,1430,T6-7,T6-HF.0ab
1430,1431,T6-7,T6-IF.¤
1431,1432,T7-1,T7-KA.a
1432,1433,T7-1,T7-SV.ab
1433,1434,T7-2,T7-KA.bc
1434,1435,T7-2,T7-SV.ab
1435,1436,T7-3,T7-KA.de
1436,1437,T7-3,T7-SV.ab
1437,1438,T7-4,T7-KA.bc
1438,1439,T7-4,T7-KA.de
1439,1440,T7-4,T7-SV.cd
1440,1441,T7-5,T7-KA.bc
1441,1442,T7-5,T7-KA.de
1442,1443,T7-5,T7-SV.ef
1443,1444,T7-6,T7-KA.fg
1444,1445,T7-6,T7-SV.ab
1445,1446,T7-7,T7-KA.fg
1446,1447,T7-7,T7-SV.cd
1447,1448,T7-8,T7-KA.hi
1448,1449,T7-8,T7-SV.ab
1449,1450,T7-9,T7-KA.hi
1450,1451,T7-9,T7-SV.cd
1451,1452,T7-10,T7-KA.fg
1452,1453,T7-10,T7-KA.hi
1453,1454,T7-10,T7-SV.ef
1454,1455,T7-11,T7-KA.bc
1455,1456,T7-11,T7-KA.de
1456,1457,T7-11,T7-KA.fg
1457,1458,T7-11,T7-SV.g
1458,1459,T7-12,T7-KA.de
1459,1460,T7-12,T7-SV.ab
1460,1461,T7-12,T7-KI.bc
1461,1462,T7-13,T7-KA.fg
1462,1463,T7-13,T7-SV.ab
1463,1464,T7-13,T7-KI.bc
1464,1465,T7-14,T7-KA.hi
1465,1466,T7-14,T7-SV.ab
1466,1467,T7-14,T7-KI.bc
1467,1468,T8-1,T8-UF.abcd
1468,1469,T8-1,T8-NG.ab
1469,1470,T8-2,T8-UF.abcd
1470,1471,T8-2,T8-NG.cd
1471,1472,T8-3,T8-UF.abcd
1472,1473,T8-3,T8-NG.¤
1473,1474,T8-4,T8-UF.abcd
1474,1475,T8-4,T8-NG.ab
1475,1476,T8-4,T8-KI.bc
1476,1477,T8-5,T8-UF.efgh
1477,1478,T8-5,T8-NG.ab
1478,1479,T9-1,T9-KA.cde
1479,1480,T9-2,T9-KA.fghi
1480,1481,T10-1,T10-VI.0
1481,1482,T10-2,T10-VI.abc
1482,1483,T11-1,T11-S1.de
1483,1484,T11-1,T11-TV.cdefgh
1484,1485,T11-2,T11-S1.de
1485,1486,T11-2,T11-TV.ijk
1486,1487,T11-3,T11-S1.hi
1487,1488,T11-3,T11-TV.cdefgh
1488,1489,T12-1,T12-TV.cd
1489,1490,T12-2,T12-TV.ef
1490,1491,T12-3,T12-TV.gh
1491,1492,T12-4,T12-TV.ijk
1492,1493,T13-1,T13-UE.defg
1493,1494,T13-1,T13-KA.abc
1494,1495,T13-1,T13-S1.b
1495,1496,T13-2,T13-UE.defg
1496,1497,T13-2,T13-KA.abc
1497,1498,T13-2,T13-S1.c
1498,1499,T13-3,T13-UE.defg
1499,1500,T13-3,T13-KA.abc
1500,1501,T13-3,T13-S1.def
1501,1502,T13-4,T13-UE.defg
1502,1503,T13-4,T13-KA.defg
1503,1504,T13-4,T13-S1.b
1504,1505,T13-5,T13-UE.defg
1505,1506,T13-5,T13-KA.defg
1506,1507,T13-5,T13-S1.c
1507,1508,T13-6,T13-UE.defg
1508,1509,T13-6,T13-KA.defg
1509,1510,T13-6,T13-S1.def
1510,1511,T13-7,T13-UE.defg
1511,1512,T13-7,T13-KA.hi
1512,1513,T13-7,T13-S1.b
1513,1514,T13-8,T13-UE.defg
1514,1515,T13-8,T13-KA.hi
1515,1516,T13-8,T13-S1.c
1516,1517,T13-9,T13-UE.defg
1517,1518,T13-9,T13-KA.hi
1518,1519,T13-9,T13-S1.def
1519,1520,T13-10,T13-UE.abc
1520,1521,T13-10,T13-KA.abc
1521,1522,T13-10,T13-S1.b
1522,1523,T13-11,T13-UE.abc
1523,1524,T13-11,T13-KA.abc
1524,1525,T13-11,T13-S1.c
1525,1526,T13-12,T13-UE.abc
1526,1527,T13-12,T13-KA.defg
1527,1528,T13-12,T13-S1.b
1528,1529,T13-13,T13-UE.abc
1529,1530,T13-13,T13-KA.defg
1530,1531,T13-13,T13-S1.c
1531,1532,T13-14,T13-UE.abc
1532,1533,T13-14,T13-KA.hi
1533,1534,T13-14,T13-S1.b
1534,1535,T13-15,T13-UE.abc
1535,1536,T13-15,T13-KA.hi
1536,1537,T13-15,T13-S1.c
1537,1538,T13-16,T13-UE.abc
1538,1539,T13-16,T13-KA.abc
1539,1540,T13-16,T13-KA.defg
1540,1541,T13-16,T13-S1.b
1541,1542,T13-16,T13-RU.¤
1542,1543,T13-17,T13-UE.abc
1543,1544,T13-17,T13-KA.abc
1544,1545,T13-17,T13-KA.defg
1545,1546,T13-17,T13-S1.c
1546,1547,T13-17,T13-RU.¤
1547,1548,T13-18,T13-UE.abc
1548,1549,T13-18,T13-KA.abc
1549,1550,T13-18,T13-KA.defg
1550,1551,T13-18,T13-S1.def
1551,1552,T13-18,T13-RU.¤
1552,1553,T14-1,T14-VI.abc
1553,1554,T14-1,T14-KA.abcde
1554,1555,T14-2,T14-VI.abc
1555,1556,T14-2,T14-KA.fghi
1556,1557,T14-3,T14-VI.¤
1557,1558,T14-3,T14-KA.abcde
1558,1559,T14-3,T14-KA.fghi
1559,1560,T15-1,T15-KA.cde
1560,1561,T15-2,T15-KA.fgh
1561,1562,T16-1,T16-KA.abc
1562,1563,T16-1,T16-KI.0a
1563,1564,T16-2,T16-KA.de
1564,1565,T16-2,T16-KI.0a
1565,1566,T16-3,T16-KA.fg
1566,1567,T16-3,T16-KI.0a
1567,1568,T16-4,T16-KA.hi
1568,1569,T16-4,T16-KI.0a
1569,1570,T16-5,T16-KA.de
1570,1571,T16-5,T16-KI.bc
1571,1572,T16-6,T16-KA.fg
1572,1573,T16-6,T16-KA.hi
1573,1574,T16-6,T16-KI.bc
1574,1575,T16-7,T16-KA.abc
1575,1576,T16-7,T16-KA.de
1576,1577,T16-7,T16-KA.fg
1577,1578,T16-7,T16-KI.0a
1578,1579,T16-7,T16-RU.de
1579,1580,T17-1,T17-S1.0
1580,1581,T17-2,T17-S1.de
1581,1582,T17-3,T17-S1.fg
1582,1583,T17-4,T17-S1.hi
1583,1584,T18-1,T18-S1.cde
1584,1585,T18-1,T18-VF.f
1585,1586,T18-2,T18-S1.fg
1586,1587,T18-2,T18-VF.f
1587,1588,T18-3,T18-S1.hi
1588,1589,T18-3,T18-VF.f
1589,1590,T18-4,T18-S1.cde
1590,1591,T18-4,T18-S1.fg
1591,1592,T18-4,T18-S1.hi
1592,1593,T18-4,T18-VF.gh¤
1593,1594,T18-5,T18-S1.cde
1594,1595,T18-5,T18-VF.f
1595,1596,T18-5,T18-KA.fgh
1596,1597,T18-6,T18-S1.fg
1597,1598,T18-6,T18-VF.f
1598,1599,T18-6,T18-FR.a
1599,1600,T19-1,T19-S1.cd
1600,1601,T19-1,T19-KA.bcde
1601,1602,T19-2,T19-S1.cd
1602,1603,T19-2,T19-KA.fgh
1603,1604,T19-3,T19-S1.h
1604,1605,T20-1,T20-KA.cde
1605,1606,T20-2,T20-KA.fgh
1606,1607,T21-1,T21-SS.a
1607,1608,T21-2,T21-SS.bc
1608,1609,T21-3,T21-SS.d
1609,1610,T21-4,T21-SS.ef
1610,1611,T21-5,T21-SS.gh
1611,1612,T21-6,T21-SS.i
1612,1613,T21-7,T21-SS.ef
1613,1614,T21-7,T21-SS.gh
1614,1615,T21-7,T21-VI.¤
1615,1616,T21-8,T21-SS.gh
1616,1617,T21-8,T21-SS.i
1617,1618,T21-8,T21-VM.b
1618,1619,T22-1,T22-KA.bcde
1619,1620,T22-1,T22-SV.0
1620,1621,T22-2,T22-KA.bcde
1621,1622,T22-2,T22-SV.ab
1622,1623,T22-3,T22-KA.fgh
1623,1624,T22-3,T22-SV.0
1624,1625,T22-4,T22-KA.fgh
1625,1626,T22-4,T22-SV.ab
1626,1627,T24-1,T24-VF.cd
1627,1628,T24-2,T24-VF.e
1628,1629,T24-3,T24-VF.f
1629,1630,T25-1,T25-S1.0
1630,1631,T25-2,T25-S1.de
1631,1632,T25-3,T25-S1.fg
1632,1633,T25-4,T25-S1.hi
1633,1634,T26-1,T26-SV.0
1634,1635,T26-1,T26-VM.0a
1635,1636,T26-2,T26-SV.0
1636,1637,T26-2,T26-VM.b
1637,1638,T26-3,T26-SV.abcd
1638,1639,T26-3,T26-VM.0a
1639,1640,T26-4,T26-SV.abcd
1640,1641,T26-4,T26-VM.b
1641,1642,T26-5,T26-LA.0ab
1642,1643,T26-5,T26-S1.cd
1643,1644,T26-6,T26-LA.0ab
1644,1645,T26-6,T26-S1.efg
1645,1646,T26-7,T26-LA.0ab
1646,1647,T26-7,T26-S1.hi
1647,1648,T27-1,T27-SV.0
1648,1649,T27-1,T27-KA.abcde
1649,1650,T27-2,T27-SV.abcdef
1650,1651,T27-2,T27-KA.abcde
1651,1652,T27-3,T27-SV.0
1652,1653,T27-3,T27-KA.fghi
1653,1654,T27-4,T27-SV.abcdef
1654,1655,T27-4,T27-KA.fghi
1655,1656,T27-5,T27-SV.g
1656,1657,T27-5,T27-KA.abcde
1657,1658,T27-5,T27-KA.fghi
1658,1659,T27-6,T27-SV.0
1659,1660,T27-6,T27-KA.abcde
1660,1661,T27-6,T27-VI.bc
1661,1662,T27-7,T27-SV.0
1662,1663,T27-7,T27-KA.fghi
1663,1664,T27-7,T27-VI.bc
1664,1665,T27-8,T27-LA.0abcd
1665,1666,T28-1,T28-KA.abc
1666,1667,T28-2,T28-KA.defg
1667,1668,T28-3,T28-KA.hi
1668,1669,T29-1,T29-TV.l+
1669,1670,T29-1,T29-S1.c
1670,1671,T29-1,T29-LA.0ab
1671,1672,T29-2,T29-TV.l+
1672,1673,T29-2,T29-S1.c
1673,1674,T29-2,T29-LA.cdef
1674,1675,T29-3,T29-TV.l+
1675,1676,T29-3,T29-S1.de
1676,1677,T29-3,T29-LA.0ab
1677,1678,T29-4,T29-TV.l+
1678,1679,T29-4,T29-S1.de
1679,1680,T29-4,T29-LA.cdef
1680,1681,T29-5,T29-TV.l+
1681,1682,T29-5,T29-S1.j
1682,1683,T29-5,T29-LA.0ab
1683,1684,T29-6,T29-TV.l+
1684,1685,T29-6,T29-S1.j
1685,1686,T29-6,T29-LA.cdef
1686,1687,T29-7,T29-TV.ijk
1687,1688,T29-7,T29-S1.c
1688,1689,T29-7,T29-LA.0ab
1689,1690,T29-8,T29-TV.ijk
1690,1691,T29-8,T29-S1.de
1691,1692,T29-8,T29-LA.0ab
1692,1693,T29-9,T29-TV.ijk
1693,1694,T29-9,T29-S1.j
1694,1695,T29-9,T29-LA.0ab
1695,1696,T29-10,T29-TV.l+
1696,1697,T29-10,T29-S1.de
1697,1698,T29-10,T29-LA.cdef
1698,1699,T29-10,T29-VI.¤
1699,1700,T30-1,T30-S1.cde
1700,1701,T30-1,T30-VF.bc
1701,1702,T30-2,T30-S1.cde
1702,1703,T30-2,T30-VF.de
1703,1704,T30-3,T30-S1.fghi
1704,1705,T30-3,T30-VF.bc
1705,1706,T30-4,T30-S1.fghi
1706,1707,T30-4,T30-VF.de
1707,1708,T30-5,T30-S1.fghi
1708,1709,T30-5,T30-VF.bc
1709,1710,T30-5,T30-KI.bc
1710,1711,T30-6,T30-S1.fghi
1711,1712,T30-6,T30-VF.de
1712,1713,T30-6,T30-KI.bc
1713,1714,T30-7,T30-S1.fghi
1714,1715,T30-7,T30-VF.de
1715,1716,T30-7,T30-ER.b
1716,1717,T31-1,T31-KA.abc
1717,1718,T31-1,T31-UF.bc
1718,1719,T31-2,T31-KA.abc
1719,1720,T31-2,T31-UF.de
1720,1721,T31-3,T31-KA.abc
1721,1722,T31-3,T31-UF.fgh
1722,1723,T31-4,T31-KA.de
1723,1724,T31-4,T31-UF.bc
1724,1725,T31-5,T31-KA.de
1725,1726,T31-5,T31-UF.de
1726,1727,T31-6,T31-KA.de
1727,1728,T31-6,T31-UF.fgh
1728,1729,T31-7,T31-KA.fg
1729,1730,T31-7,T31-UF.bc
1730,1731,T31-8,T31-KA.fg
1731,1732,T31-8,T31-UF.de
1732,1733,T31-9,T31-KA.fg
1733,1734,T31-9,T31-UF.fgh
1734,1735,T31-10,T31-KA.hi
1735,1736,T31-10,T31-UF.bc
1736,1737,T31-11,T31-KA.hi
1737,1738,T31-11,T31-UF.de
1738,1739,T31-12,T31-KA.hi
1739,1740,T31-12,T31-UF.fgh
1740,1741,T31-13,T31-KA.de
1741,1742,T31-13,T31-UF.bc
1742,1743,T31-13,T31-KI.bc
1743,1744,T31-14,T31-KA.fg
1744,1745,T31-14,T31-KA.hi
1745,1746,T31-14,T31-UF.bc
1746,1747,T31-14,T31-KI.bc
1747,1748,T32-1,T32-KA.bc
1748,1749,T32-1,T32-HI.b
1749,1750,T32-2,T32-KA.bc
1750,1751,T32-2,T32-HI.cd
1751,1752,T32-3,T32-KA.de
1752,1753,T32-3,T32-HI.b
1753,1754,T32-4,T32-KA.de
1754,1755,T32-4,T32-HI.cd
1755,1756,T32-5,T32-KA.de
1756,1757,T32-5,T32-HI.e
1757,1758,T32-6,T32-KA.fg
1758,1759,T32-6,T32-HI.b
1759,1760,T32-7,T32-KA.fg
1760,1761,T32-7,T32-HI.cd
1761,1762,T32-8,T32-KA.fg
1762,1763,T32-8,T32-HI.e
1763,1764,T32-9,T32-KA.hi
1764,1765,T32-9,T32-HI.b
1765,1766,T32-10,T32-KA.hi
1766,1767,T32-10,T32-HI.cd
1767,1768,T32-11,T32-KA.fg
1768,1769,T32-11,T32-KA.hi
1769,1770,T32-11,T32-HI.b
1770,1771,T32-11,T32-KI.bc
1771,1772,T32-12,T32-KA.fg
1772,1773,T32-12,T32-KA.hi
1773,1774,T32-12,T32-HI.cd
1774,1775,T32-12,T32-HI.e
1775,1776,T32-12,T32-KI.bc
1776,1777,T32-13,T32-KA.bc
1777,1778,T32-13,T32-HI.b
1778,1779,T32-13,T32-UF.cde
1779,1780,T32-14,T32-KA.bc
1780,1781,T32-14,T32-HI.cd
1781,1782,T32-14,T32-UF.cde
1782,1783,T32-15,T32-KA.de
1783,1784,T32-15,T32-HI.b
1784,1785,T32-15,T32-UF.cde
1785,1786,T32-16,T32-KA.de
1786,1787,T32-16,T32-HI.cd
1787,1788,T32-16,T32-HI.e
1788,1789,T32-16,T32-UF.cde
1789,1790,T32-17,T32-KA.fg
1790,1791,T32-17,T32-HI.b
1791,1792,T32-17,T32-UF.cde
1792,1793,T32-18,T32-KA.fg
1793,1794,T32-18,T32-HI.cd
1794,1795,T32-18,T32-HI.e
1795,1796,T32-18,T32-UF.cde
1796,1797,T32-19,T32-KA.hi
1797,1798,T32-19,T32-HI.b
1798,1799,T32-19,T32-UF.cde
1799,1800,T32-20,T32-KA.hi
1800,1801,T32-20,T32-HI.cd
1801,1802,T32-20,T32-UF.cde
1802,1803,T32-21,T32-KA.fg
1803,1804,T32-21,T32-HI.cd
1804,1805,T32-21,T32-HI.e
1805,1806,T32-21,T32-UF.cde
1806,1807,T32-21,T32-SS.fghi
1807,1808,T33-1,T33-TV.fgh
1808,1809,T33-2,T33-TV.ijk
1809,1810,T34-1,T34-KA.abc
1810,1811,T34-1,T34-UF.bc
1811,1812,T34-2,T34-KA.abc
1812,1813,T34-2,T34-UF.de
1813,1814,T34-3,T34-KA.abc
1814,1815,T34-3,T34-UF.fgh
1815,1816,T34-4,T34-KA.de
1816,1817,T34-4,T34-UF.bc
1817,1818,T34-5,T34-KA.de
1818,1819,T34-5,T34-UF.de
1819,1820,T34-6,T34-KA.de
1820,1821,T34-6,T34-UF.fgh
1821,1822,T34-7,T34-KA.fg
1822,1823,T34-7,T34-UF.de
1823,1824,T34-8,T34-KA.fg
1824,1825,T34-8,T34-UF.fgh
1825,1826,T34-9,T34-KA.hi
1826,1827,T34-9,T34-UF.de
1827,1828,T34-10,T34-KA.hi
1828,1829,T34-10,T34-UF.fgh
1829,1830,T34-11,T34-KA.abc
1830,1831,T34-11,T34-UF.de
1831,1832,T34-11,T34-VM.ab
1832,1833,T34-12,T34-KA.de
1833,1834,T34-12,T34-UF.de
1834,1835,T34-12,T34-VM.ab
1835,1836,T35-1,T35-S1.0
1836,1837,T35-2,T35-S1.cde
1837,1838,T35-3,T35-S1.fg
1838,1839,T35-4,T35-S1.hi
1839,1840,T36-1,T36-HS-T36.A
1840,1841,T36-2,T36-HS-T36.B
1841,1842,T36-3,T36-HS-T36.C
1842,1843,T37-1,T37-HS-T37.A
1843,1844,T37-2,T37-HS-T37.B
1844,1845,T37-3,T37-HS-T37.C
1845,1846,T39-1,T39-HS-T39.A
1846,1847,T39-1,T39-KA.0ab
1847,1848,T39-2,T39-HS-T39.A
1848,1849,T39-2,T39-KA.cdef
1849,1850,T39-3,T39-HS-T39.B
1850,1851,T39-3,T39-KA.0ab
1851,1852,T39-4,T39-HS-T39.B
1852,1853,T39-4,T39-KA.cdef
1853,1854,T39-5,T39-HS-T39.C
1854,1855,T39-5,T39-KA.0ab
1855,1856,T39-6,T39-HS-T39.C
1856,1857,T39-6,T39-KA.cdef
1857,1858,T39-7,T39-HS-T39.D
1858,1859,T39-7,T39-KA.0ab
1859,1860,T39-8,T39-HS-T39.D
1860,1861,T39-8,T39-KA.cdef
1861,1862,T45-1,T45-HI.gh
1862,1863,T45-1,T45-SP.0
1863,1864,T45-2,T45-HI.gh
1864,1865,T45-2,T45-SP.a
1865,1866,T45-3,T45-HI.hi
1866,1867,T45-3,T45-SP.a
1867,1868,T45-4,T45-HI.j
1868,1869,T45-4,T45-SP.a
1869,1870,V1-1,V1-KA.ab
1870,1871,V1-1,V1-TV.cd
1871,1872,V1-2,V1-KA.ab
1872,1873,V1-2,V1-TV.ef
1873,1874,V1-3,V1-KA.ab
1874,1875,V1-3,V1-TV.gh
1875,1876,V1-4,V1-KA.ab
1876,1877,V1-4,V1-TV.ij
1877,1878,V1-5,V1-KA.ab
1878,1879,V1-5,V1-TV.k
1879,1880,V1-6,V1-KA.cd
1880,1881,V1-6,V1-TV.cd
1881,1882,V1-7,V1-KA.cd
1882,1883,V1-7,V1-TV.ef
1883,1884,V1-8,V1-KA.cd
1884,1885,V1-8,V1-TV.gh
1885,1886,V1-9,V1-KA.cd
1886,1887,V1-9,V1-TV.ij
1887,1888,V1-10,V1-KA.ef
1888,1889,V1-10,V1-TV.cd
1889,1890,V1-11,V1-KA.ef
1890,1891,V1-11,V1-TV.ef
1891,1892,V1-12,V1-KA.ef
1892,1893,V1-12,V1-TV.gh
1893,1894,V1-13,V1-KA.ef
1894,1895,V1-13,V1-TV.ij
1895,1896,V1-14,V1-KA.gh
1896,1897,V1-14,V1-TV.cd
1897,1898,V1-15,V1-KA.gh
1898,1899,V1-15,V1-TV.ef
1899,1900,V1-16,V1-KA.gh
1900,1901,V1-16,V1-TV.gh
1901,1902,V1-17,V1-KA.i
1902,1903,V1-17,V1-TV.cd
1903,1904,V1-18,V1-KA.i
1904,1905,V1-18,V1-TV.ef
1905,1906,V1-19,V1-KA.i
1906,1907,V1-19,V1-TV.gh
1907,1908,V1-20,V1-KA.gh
1908,1909,V1-20,V1-KA.i
1909,1910,V1-20,V1-TV.ij
1910,1911,V1-21,V1-KA.ab
1911,1912,V1-21,V1-TV.cd
1912,1913,V1-21,V1-TV.ef
1913,1914,V1-21,V1-MF.cd
1914,1915,V1-22,V1-KA.ab
1915,1916,V1-22,V1-TV.gh
1916,1917,V1-22,V1-TV.ij
1917,1918,V1-22,V1-MF.cd
1918,1919,V1-23,V1-KA.cd
1919,1920,V1-23,V1-TV.cd
1920,1921,V1-23,V1-TV.ef
1921,1922,V1-23,V1-MF.cd
1922,1923,V1-24,V1-KA.cd
1923,1924,V1-24,V1-TV.gh
1924,1925,V1-24,V1-TV.ij
1925,1926,V1-24,V1-MF.cd
1926,1927,V1-25,V1-KA.ef
1927,1928,V1-25,V1-TV.cd
1928,1929,V1-25,V1-TV.ef
1929,1930,V1-25,V1-MF.cd
1930,1931,V1-26,V1-KA.ef
1931,1932,V1-26,V1-TV.gh
1932,1933,V1-26,V1-TV.ij
1933,1934,V1-26,V1-MF.cd
1934,1935,V1-27,V1-KA.gh
1935,1936,V1-27,V1-TV.cd
1936,1937,V1-27,V1-TV.ef
1937,1938,V1-27,V1-MF.cd
1938,1939,V1-28,V1-KA.i
1939,1940,V1-28,V1-TV.cd
1940,1941,V1-28,V1-TV.ef
1941,1942,V1-28,V1-MF.cd
1942,1943,V1-29,V1-KA.gh
1943,1944,V1-29,V1-KA.i
1944,1945,V1-29,V1-TV.gh
1945,1946,V1-29,V1-TV.ij
1946,1947,V1-29,V1-MF.cd
1947,1948,V1-30,V1-KA.ef
1948,1949,V1-30,V1-TV.cd
1949,1950,V1-30,V1-TV.ef
1950,1951,V1-30,V1-MF.cd
1951,1952,V1-30,V1-KI.bc
1952,1953,V1-31,V1-KA.gh
1953,1954,V1-31,V1-TV.cd
1954,1955,V1-31,V1-TV.ef
1955,1956,V1-31,V1-MF.cd
1956,1957,V1-31,V1-KI.bc
1957,1958,V1-32,V1-KA.gh
1958,1959,V1-32,V1-TV.cd
1959,1960,V1-32,V1-TV.ef
1960,1961,V1-32,V1-MF.cd
1961,1962,V1-32,V1-SA.bcd
1962,1963,V2-1,V2-KA.abcd
1963,1964,V2-1,V2-TV.cdef
1964,1965,V2-2,V2-KA.abcd
1965,1966,V2-2,V2-TV.ghijk
1966,1967,V2-3,V2-KA.ef
1967,1968,V2-3,V2-TV.cdef
1968,1969,V2-4,V2-KA.ef
1969,1970,V2-4,V2-TV.ghijk
1970,1971,V2-5,V2-KA.ghi
1971,1972,V2-5,V2-TV.cdef
1972,1973,V2-6,V2-KA.ghi
1973,1974,V2-6,V2-TV.ghijk
1974,1975,V2-7,V2-KA.ef
1975,1976,V2-7,V2-TV.cdef
1976,1977,V2-7,V2-KI.bc
1977,1978,V2-8,V2-KA.ghi
1978,1979,V2-8,V2-TV.cdef
1979,1980,V2-8,V2-KI.bc
1980,1981,V3-1,V3-TV.cd
1981,1982,V3-2,V3-TV.ef
1982,1983,V3-3,V3-TV.gh
1983,1984,V3-4,V3-TV.ij
1984,1985,V3-5,V3-TV.k
1985,1986,V3-6,V3-TV.k
1986,1987,V3-6,V3-MF.cd
1987,1988,V3-7,V3-TV.k
1988,1989,V3-7,V3-VI.ab
1989,1990,V4-1,V4-KA.cd
1990,1991,V4-1,V4-KI.de
1991,1992,V4-2,V4-KA.ef
1992,1993,V4-2,V4-KI.de
1993,1994,V4-3,V4-KA.ef
1994,1995,V4-3,V4-KI.¤
1995,1996,V4-4,V4-KA.ghi
1996,1997,V4-4,V4-KI.de
1997,1998,V4-5,V4-KA.ghi
1998,1999,V4-5,V4-KI.¤
1999,2000,V4-6,V4-KA.ef
2000,2001,V4-6,V4-KI.de
2001,2002,V4-6,V4-KT.b
2002,2003,V4-7,V4-KA.ef
2003,2004,V4-7,V4-KI.¤
2004,2005,V4-7,V4-KT.b
2005,2006,V4-8,V4-KA.ghi
2006,2007,V4-8,V4-KI.de
2007,2008,V4-8,V4-KT.b
2008,2009,V4-9,V4-KA.ghi
2009,2010,V4-9,V4-KI.¤
2010,2011,V4-9,V4-KT.b
2011,2012,V5-1,V5-JV.a
2012,2013,V5-2,V5-JV.b
2013,2014,V6-1,V6-SV.ab
2014,2015,V6-1,V6-KA.cdef
2015,2016,V6-1,V6-KI.bc
2016,2017,V6-2,V6-SV.ab
2017,2018,V6-2,V6-KA.ghi
2018,2019,V6-2,V6-KI.bc
2019,2020,V6-3,V6-SV.cd
2020,2021,V6-3,V6-KA.cdef
2021,2022,V6-3,V6-KI.bc
2022,2023,V6-4,V6-SV.cd
2023,2024,V6-4,V6-KA.ghi
2024,2025,V6-4,V6-KI.bc
2025,2026,V6-5,V6-SV.ef
2026,2027,V6-5,V6-KA.cdef
2027,2028,V6-5,V6-KI.bc
2028,2029,V6-6,V6-SV.ef
2029,2030,V6-6,V6-KA.ghi
2030,2031,V6-6,V6-KI.bc
2031,2032,V6-7,V6-SV.cd
2032,2033,V6-7,V6-KA.cdef
2033,2034,V6-7,V6-KI.de
2034,2035,V6-8,V6-SV.cd
2035,2036,V6-8,V6-KA.ghi
2036,2037,V6-8,V6-KI.de
2037,2038,V6-9,V6-SV.ef
2038,2039,V6-9,V6-KA.cdef
2039,2040,V6-9,V6-KA.ghi
2040,2041,V6-9,V6-KI.de
2041,2042,V7-1,V7-KA.cdef
2042,2043,V7-2,V7-KA.ghi
2043,2044,V8-1,V8-KA.cde
2044,2045,V8-2,V8-KA.fgh
2045,2046,V8-3,V8-KA.fgh
2046,2047,V8-3,V8-SA.bcd
2047,2048,V9-1,V9-KA.bcd
2048,2049,V9-2,V9-KA.ef
2049,2050,V9-3,V9-KA.ghi
2050,2051,V10-1,V10-KA.cde
2051,2052,V10-1,V10-KI.0a
2052,2053,V10-2,V10-KA.fgh
2053,2054,V10-2,V10-KI.0a
2054,2055,V10-3,V10-KA.cde
2055,2056,V10-3,V10-KA.fgh
2056,2057,V10-3,V10-KI.bc
2057,2058,V11-1,V11-KA.abcd
2058,2059,V11-2,V11-KA.efghi
2059,2060,V12-1,V12-VT.0
2060,2061,V12-1,V12-KA.abcd
2061,2062,V12-2,V12-VT.0
2062,2063,V12-2,V12-KA.efghi
2063,2064,V12-3,V12-VT.a
2064,2065,V12-3,V12-KA.abcd
2065,2066,V13-1,V13-HS-V13.A
2066,2067,V13-1,V13-IO.0a
2067,2068,V13-2,V13-HS-V13.A
2068,2069,V13-2,V13-IO.b¤
2069,2070,V13-3,V13-HS-V13.B
2070,2071,V13-3,V13-IO.0a
2071,2072,V13-4,V13-HS-V13.B
2072,2073,V13-4,V13-IO.b¤
2073,2074,V13-5,V13-HS-V13.C
2074,2075,V13-5,V13-IO.0a
2075,2076,V13-6,V13-HS-V13.C
2076,2077,V13-6,V13-IO.b¤
2077,2078,V13-7,V13-HS-V13.D
2078,2079,V13-7,V13-IO.0a
2079,2080,V13-8,V13-HS-V13.D
2080,2081,V13-8,V13-IO.b¤
2081,2082,H1-1,H1-DM.0
2082,2083,H1-1,H1-KY.0
2083,2084,H1-2,H1-DM.a
2084,2085,H1-2,H1-KY.0
2085,2086,H1-3,H1-DM.bcd
2086,2087,H1-3,H1-KY.0
2087,2088,H1-4,H1-DM.ef
2088,2089,H1-4,H1-KY.0
2089,2090,H1-5,H1-DM.0
2090,2091,H1-5,H1-KY.a
2091,2092,H2-1,H2-SA.def
2092,2093,H2-1,H2-SM.a
2093,2094,H2-2,H2-SA.def
2094,2095,H2-2,H2-SM.bc
2095,2096,H2-3,H2-SA.def
2096,2097,H2-3,H2-SM.def
2097,2098,H2-4,H2-SA.def
2098,2099,H2-4,H2-SM.gh
2099,2100,H2-5,H2-SA.def
2100,2101,H2-5,H2-SM.i
2101,2102,H2-6,H2-SA.def
2102,2103,H2-6,H2-SM.¤
2103,2104,H2-7,H2-SA.abc
2104,2105,H2-7,H2-SM.bc
2105,2106,H2-8,H2-SA.abc
2106,2107,H2-8,H2-SM.def
2107,2108,H4-1,H4-SY.a
2108,2109,H4-2,H4-SY.b
2109,2110,H4-3,H4-SY.c
2110,2111,H4-4,H4-SY.d
2111,2112,F1-1,F1-KA.abcde
2112,2113,F1-1,F1-VF.bcde
2113,2114,F1-1,F1-HU.0a
2114,2115,F1-2,F1-KA.abcde
2115,2116,F1-2,F1-VF.bcde
2116,2117,F1-2,F1-HU.bcd
2117,2118,F1-3,F1-KA.abcde
2118,2119,F1-3,F1-VF.fgh¤
2119,2120,F1-3,F1-HU.0a
2120,2121,F1-4,F1-KA.abcde
2121,2122,F1-4,F1-VF.fgh¤
2122,2123,F1-4,F1-HU.bcd
2123,2124,F1-5,F1-KA.fghi
2124,2125,F1-5,F1-VF.bcde
2125,2126,F1-5,F1-HU.0a
2126,2127,F1-6,F1-KA.fghi
2127,2128,F1-6,F1-VF.bcde
2128,2129,F1-6,F1-HU.bcd
2129,2130,F2-1,F2-HU.0a
2130,2131,F2-1,F2-SM.bc
2131,2132,F2-1,F2-KA.ab
2132,2133,F2-2,F2-HU.0a
2133,2134,F2-2,F2-SM.bc
2134,2135,F2-2,F2-KA.cde
2135,2136,F2-3,F2-HU.0a
2136,2137,F2-3,F2-SM.bc
2137,2138,F2-3,F2-KA.fghi
2138,2139,F2-4,F2-HU.0a
2139,2140,F2-4,F2-SM.def
2140,2141,F2-4,F2-KA.ab
2141,2142,F2-5,F2-HU.0a
2142,2143,F2-5,F2-SM.def
2143,2144,F2-5,F2-KA.cde
2144,2145,F2-6,F2-HU.0a
2145,2146,F2-6,F2-SM.def
2146,2147,F2-6,F2-KA.fghi
2147,2148,F2-7,F2-HU.0a
2148,2149,F2-7,F2-SM.ghi
2149,2150,F2-7,F2-KA.ab
2150,2151,F2-8,F2-HU.0a
2151,2152,F2-8,F2-SM.ghi
2152,2153,F2-8,F2-KA.cde
2153,2154,F2-9,F2-HU.0a
2154,2155,F2-9,F2-SM.ghi
2155,2156,F2-9,F2-KA.fghi
2156,2157,F2-10,F2-HU.0a
2157,2158,F2-10,F2-SM.¤
2158,2159,F2-10,F2-KA.ab
2159,2160,F2-10,F2-KA.cde
2160,2161,F2-11,F2-HU.0a
2161,2162,F2-11,F2-SM.bc
2162,2163,F2-11,F2-KA.ab
2163,2164,F2-11,F2-TU.a
2164,2165,F2-12,F2-HU.0a
2165,2166,F2-12,F2-SM.def
2166,2167,F2-12,F2-KA.ab
2167,2168,F2-12,F2-TU.a
2168,2169,F2-13,F2-HU.bcd
2169,2170,F2-13,F2-SM.bc
2170,2171,F2-13,F2-KA.ab
2171,2172,F2-14,F2-HU.bcd
2172,2173,F2-14,F2-SM.bc
2173,2174,F2-14,F2-KA.cde
2174,2175,F2-15,F2-HU.bcd
2175,2176,F2-15,F2-SM.bc
2176,2177,F2-15,F2-KA.fghi
2177,2178,F2-16,F2-HU.bcd
2178,2179,F2-16,F2-SM.def
2179,2180,F2-16,F2-KA.ab
2180,2181,F2-17,F2-HU.bcd
2181,2182,F2-17,F2-SM.def
2182,2183,F2-17,F2-KA.cde
2183,2184,F2-18,F2-HU.bcd
2184,2185,F2-18,F2-SM.def
2185,2186,F2-18,F2-KA.fghi
2186,2187,F2-19,F2-HU.bcd
2187,2188,F2-19,F2-SM.ghi
2188,2189,F2-19,F2-KA.ab
2189,2190,F2-20,F2-HU.bcd
2190,2191,F2-20,F2-SM.ghi
2191,2192,F2-20,F2-KA.cde
2192,2193,F2-21,F2-HU.bcd
2193,2194,F2-21,F2-SM.ghi
2194,2195,F2-21,F2-KA.fghi
2195,2196,F4-1,F4-SY.a
2196,2197,F4-2,F4-SY.b
2197,2198,F4-3,F4-SY.c
2198,2199,F5-1,F5-SY.a
2199,2200,F5-2,F5-SY.b
2200,2201,F5-3,F5-SY.c
2201,2202,F5-4,F5-SY.d
2202,2203,F2-1,F2-TU.0
2203,2204,F2-2,F2-TU.0
2204,2205,F2-3,F2-TU.0
2205,2206,F2-4,F2-TU.0
2206,2207,F2-5,F2-TU.0
2207,2208,F2-6,F2-TU.0
2208,2209,F2-7,F2-TU.0
2209,2210,F2-8,F2-TU.0
2210,2211,F2-9,F2-TU.0
2211,2212,F2-10,F2-TU.0
2212,2213,F2-13,F2-TU.0
2213,2214,F2-14,F2-TU.0
2214,2215,F2-15,F2-TU.0
2215,2216,F2-16,F2-TU.0
2216,2217,F2-17,F2-TU.0
2217,2218,F2-18,F2-TU.0
2218,2219,F2-19,F2-TU.0
2219,2220,F2-20,F2-TU.0
2220,2221,F2-21,F2-TU.0
2221,2222,L2-1,L2-S3S.0
2222,2223,L2-1,L2-IO.0a
2223,2224,L2-1,L2-VT.ab
2224,2225,L2-1,L2-SE.0ab
2225,2226,L2-2,L2-S3S.0
2226,2227,L2-2,L2-IO.0a
2227,2228,L2-2,L2-VT.ab
2228,2229,L2-2,L2-SE.0ab
2229,2230,L2-3,L2-S3S.0
2230,2231,L2-3,L2-IO.0a
2231,2232,L2-3,L2-VT.ab
2232,2233,L2-3,L2-SE.0ab
2233,2234,L2-4,L2-S3S.0
2234,2235,L2-4,L2-VT.ab
2235,2236,L2-4,L2-SE.0ab
2236,2237,L2-5,L2-S3E.0abc
2237,2238,L2-5,L2-IO.0a
2238,2239,L2-5,L2-VT.ab
2239,2240,L2-5,L2-SE.0ab
2240,2241,L2-6,L2-S3E.0abc
2241,2242,L2-6,L2-IO.0a
2242,2243,L2-6,L2-SE.0ab
2243,2244,L2-7,L2-S3S.0
2244,2245,L2-7,L2-IO.0a
2245,2246,L2-7,L2-VT.ab
2246,2247,L2-7,L2-SE.0ab
2247,2248,L2-8,L2-S3S.0
2248,2249,L2-8,L2-IO.0a
2249,2250,L2-8,L2-VT.ab
2250,2251,L2-8,L2-SE.0ab
2251,2252,L2-9,L2-S3S.0
2252,2253,L2-9,L2-IO.0a
2253,2254,L2-9,L2-VT.ab
2254,2255,L2-9,L2-SE.0ab
2255,2256,L2-10,L2-S3S.0
2256,2257,L2-10,L2-IO.0a
2257,2258,L2-10,L2-VT.ab
2258,2259,L2-10,L2-SE.0ab
2259,2260,L2-11,L2-S3S.0
2260,2261,L2-11,L2-VT.ab
2261,2262,L2-11,L2-SE.0ab
2262,2263,L2-12,L2-S3E.0abc
2263,2264,L2-12,L2-IO.0a
2264,2265,L2-12,L2-VT.ab
2265,2266,L2-12,L2-SE.0ab
2266,2267,L2-13,L2-S3S.0
2267,2268,L2-13,L2-IO.0a
2268,2269,L2-13,L2-VT.ab
2269,2270,L2-13,L2-SE.0ab
2270,2271,L2-14,L2-S3S.0
2271,2272,L2-14,L2-IO.0a
2272,2273,L2-14,L2-VT.ab
2273,2274,L2-14,L2-SE.0ab
2274,2275,L2-15,L2-S3S.0
2275,2276,L2-15,L2-IO.0a
2276,2277,L2-15,L2-VT.ab
2277,2278,L2-15,L2-SE.0ab
2278,2279,L2-16,L2-S3S.0
2279,2280,L2-16,L2-IO.0a
2280,2281,L2-16,L2-VT.ab
2281,2282,L2-16,L2-SE.0ab
2282,2283,L2-17,L2-S3S.0
2283,2284,L2-17,L2-IO.0a
2284,2285,L2-17,L2-VT.ab
2285,2286,L2-18,L2-S3S.0
2286,2287,L2-18,L2-VT.ab
2287,2288,L2-18,L2-SE.0ab
2288,2289,L2-19,L2-S3E.0abc
2289,2290,L2-19,L2-IO.0a
2290,2291,L2-19,L2-VT.ab
2291,2292,L2-19,L2-SE.0ab
2292,2293,M1-1,M1-S1.a
2293,2294,M1-1,M1-IF.0ab
2294,2295,M1-2,M1-S1.a
2295,2296,M1-2,M1-IF.0ab
2296,2297,M1-3,M1-S1.a
2297,2298,M1-3,M1-IF.0ab
2298,2299,M1-4,M1-S1.a
2299,2300,M1-4,M1-IF.0ab
2300,2301,M1-5,M1-S1.a
2301,2302,M1-5,M1-IF.0ab
2302,2303,M1-6,M1-S1.a
2303,2304,M1-6,M1-IF.0ab
2304,2305,M1-7,M1-S1.a
2305,2306,M1-7,M1-IF.0ab
2306,2307,M1-8,M1-S1.a
2307,2308,M1-8,M1-IF.0ab
2308,2309,M1-9,M1-S1.a
2309,2310,M1-9,M1-IF.0ab
2310,2311,M1-10,M1-S1.a
2311,2312,M1-10,M1-IF.0ab
2312,2313,M1-11,M1-S1.a
2313,2314,M1-11,M1-IF.0ab
2314,2315,M1-12,M1-S1.a
2315,2316,M1-12,M1-IF.0ab
2316,2317,M1-13,M1-S1.a
2317,2318,M1-13,M1-IF.0ab
2318,2319,M1-14,M1-S1.a
2319,2320,M1-14,M1-IF.0ab
2320,2321,M1-15,M1-S1.a
2321,2322,M1-15,M1-IF.0ab
2322,2323,M1-16,M1-S1.a
2323,2324,M1-16,M1-IF.0ab
2324,2325,M1-17,M1-S1.a
2325,2326,M1-17,M1-IF.0ab
2326,2327,M1-18,M1-S1.a
2327,2328,M1-18,M1-IF.0ab
2328,2329,M1-19,M1-S1.a
2329,2330,M1-19,M1-IF.0ab
2330,2331,M1-20,M1-S1.a
2331,2332,M1-20,M1-IF.0ab
2332,2333,M1-21,M1-S1.a
2333,2334,M1-21,M1-IF.0ab
2334,2335,M1-22,M1-S1.a
2335,2336,M1-22,M1-IF.0ab
2336,2337,M1-23,M1-S1.a
2337,2338,M1-23,M1-IF.0ab
2338,2339,M1-24,M1-IF.0ab
2339,2340,M1-25,M1-IF.0ab
2340,2341,M1-26,M1-IF.0ab
2341,2342,M1-27,M1-IF.0ab
2342,2343,M1-28,M1-IF.0ab
2343,2344,M1-29,M1-SA.a
2344,2345,M1-29,M1-HF.0ab
2345,2346,M1-29,M1-S1.a
2346,2347,M2-1,M2-BK.0
2347,2348,M2-2,M2-BK.0
2348,2349,M2-3,M2-BK.0
2349,2350,M2-4,M2-BK.0
2350,2351,M2-5,M2-BK.0
2351,2352,M2-6,M2-BK.0
2352,2353,M2-7,M2-BK.0
2353,2354,M2-8,M2-BK.0
2354,2355,M2-9,M2-BK.0
2355,2356,M2-10,M2-BK.0
2356,2357,M2-13,M2-BK.0
2357,2358,M2-14,M2-BK.0
2358,2359,M2-15,M2-BK.0
2359,2360,M2-16,M2-BK.0
2360,2361,M2-17,M2-BK.0
2361,2362,M2-18,M2-BK.0
2362,2363,M2-19,M2-BK.0
2363,2364,M2-20,M2-BK.0
2364,2365,M3-1,M3-IF.0ab
2365,2366,M3-2,M3-IF.0ab
2366,2367,M3-3,M3-IF.0ab
2367,2368,M3-4,M3-IF.0ab
2368,2369,M3-5,M3-IF.0ab
2369,2370,M3-6,M3-IF.0ab
2370,2371,M3-7,M3-IF.0ab
2371,2372,M3-8,M3-IF.0ab
2372,2373,M3-9,M3-IF.0ab
2373,2374,M3-10,M3-IF.0ab
2374,2375,M3-11,M3-IF.0ab
2375,2376,M3-12,M3-IF.0ab
2376,2377,M3-13,M3-IF.0ab
2377,2378,M3-14,M3-IF.0ab
2378,2379,M3-15,M3-IF.0ab
2379,2380,M3-16,M3-IF.0ab
2380,2381,M3-17,M3-IF.0ab
2381,2382,M3-18,M3-IF.0ab
2382,2383,M3-19,M3-SA.a
2383,2384,M3-19,M3-HF.0ab
2384,2385,M4-1,M4-S3S.0
2385,2386,M4-1,M4-IO.0ab
2386,2387,M4-1,M4-KA.efg
2387,2388,M4-1,M4-SE.0ab
2388,2389,M4-2,M4-S3S.0
2389,2390,M4-2,M4-IO.0ab
2390,2391,M4-2,M4-KA.efg
2391,2392,M4-2,M4-SE.0ab
2392,2393,M4-3,M4-S3S.0
2393,2394,M4-3,M4-IO.0ab
2394,2395,M4-3,M4-KA.efg
2395,2396,M4-3,M4-SE.0ab
2396,2397,M4-4,M4-S3S.0
2397,2398,M4-4,M4-IO.0ab
2398,2399,M4-4,M4-KA.efg
2399,2400,M4-4,M4-SE.0ab
2400,2401,M4-5,M4-S3S.0
2401,2402,M4-5,M4-IO.0ab
2402,2403,M4-5,M4-KA.efg
2403,2404,M4-5,M4-SE.0ab
2404,2405,M4-6,M4-S3S.0
2405,2406,M4-6,M4-IO.0ab
2406,2407,M4-6,M4-KA.efg
2407,2408,M4-6,M4-SE.0ab
2408,2409,M4-7,M4-S3S.0
2409,2410,M4-7,M4-IO.0ab
2410,2411,M4-7,M4-KA.efg
2411,2412,M4-7,M4-SE.0ab
2412,2413,M4-8,M4-S3S.0
2413,2414,M4-8,M4-IO.0ab
2414,2415,M4-8,M4-KA.efg
2415,2416,M4-8,M4-SE.0ab
2416,2417,M4-9,M4-S3S.0
2417,2418,M4-9,M4-KA.efg
2418,2419,M4-9,M4-SE.0ab
2419,2420,M4-10,M4-S3E.0a
2420,2421,M4-10,M4-S3F.0a
2421,2422,M4-10,M4-IO.0ab
2422,2423,M4-10,M4-KA.efg
2423,2424,M4-10,M4-SE.0ab
2424,2425,M4-11,M4-S3E.0a
2425,2426,M4-11,M4-S3F.0a
2426,2427,M4-11,M4-IO.0ab
2427,2428,M4-11,M4-KA.efg
2428,2429,M4-11,M4-SE.0ab
2429,2430,M4-12,M4-S3S.0
2430,2431,M4-12,M4-TV.0
2431,2432,M4-12,M4-IO.0ab
2432,2433,M4-12,M4-KA.efg
2433,2434,M4-12,M4-SE.0ab
2434,2435,M4-13,M4-S3S.0
2435,2436,M4-13,M4-TV.0
2436,2437,M4-13,M4-IO.0ab
2437,2438,M4-13,M4-KA.efg
2438,2439,M4-13,M4-SE.0ab
2439,2440,M4-14,M4-S3S.0
2440,2441,M4-14,M4-TV.0
2441,2442,M4-14,M4-IO.0ab
2442,2443,M4-14,M4-KA.efg
2443,2444,M4-14,M4-SE.0ab
2444,2445,M4-15,M4-S3S.0
2445,2446,M4-15,M4-TV.0
2446,2447,M4-15,M4-IO.0ab
2447,2448,M4-15,M4-KA.efg
2448,2449,M4-15,M4-SE.0ab
2449,2450,M4-16,M4-S3S.0
2450,2451,M4-16,M4-TV.0
2451,2452,M4-16,M4-IO.0ab
2452,2453,M4-16,M4-KA.efg
2453,2454,M4-16,M4-SE.0ab
2454,2455,M4-17,M4-S3S.0
2455,2456,M4-17,M4-TV.0
2456,2457,M4-17,M4-IO.0ab
2457,2458,M4-17,M4-KA.efg
2458,2459,M4-17,M4-SE.0ab
2459,2460,M4-18,M4-S3S.0
2460,2461,M4-18,M4-TV.0
2461,2462,M4-18,M4-KA.efg
2462,2463,M4-18,M4-SE.0ab
2463,2464,M4-19,M4-S3E.0a
2464,2465,M4-19,M4-S3F.0a
2465,2466,M4-19,M4-TV.0
2466,2467,M4-19,M4-IO.0ab
2467,2468,M4-19,M4-KA.efg
2468,2469,M4-19,M4-SE.0ab
2469,2470,M4-20,M4-S3E.0a
2470,2471,M4-20,M4-S3F.0a
2471,2472,M4-20,M4-TV.0
2472,2473,M4-20,M4-IO.0ab
2473,2474,M4-20,M4-KA.efg
2474,2475,M4-20,M4-SE.0ab
2475,2476,M4-21,M4-S3S.0
2476,2477,M4-21,M4-IO.0ab
2477,2478,M4-21,M4-KA.efg
2478,2479,M4-21,M4-SE.0ab
2479,2480,M4-22,M4-S3S.0
2480,2481,M4-22,M4-IO.0ab
2481,2482,M4-22,M4-KA.efg
2482,2483,M4-22,M4-SE.0ab
2483,2484,M4-23,M4-S3S.0
2484,2485,M4-23,M4-IO.0ab
2485,2486,M4-23,M4-KA.efg
2486,2487,M4-23,M4-SE.0ab
2487,2488,M4-24,M4-S3S.0
2488,2489,M4-24,M4-IO.0ab
2489,2490,M4-24,M4-KA.efg
2490,2491,M4-24,M4-SE.0ab
2491,2492,M4-25,M4-S3S.0
2492,2493,M4-25,M4-IO.0ab
2493,2494,M4-25,M4-KA.efg
2494,2495,M4-25,M4-SE.0ab
2495,2496,M4-26,M4-S3S.0
2496,2497,M4-26,M4-IO.0ab
2497,2498,M4-26,M4-KA.efg
2498,2499,M4-26,M4-SE.0ab
2499,2500,M4-27,M4-S3S.0
2500,2501,M4-27,M4-KA.efg
2501,2502,M4-27,M4-SE.0ab
2502,2503,M4-28,M4-S3S.0
2503,2504,M4-28,M4-IO.0ab
2504,2505,M4-28,M4-SE.0ab
2505,2506,M4-29,M4-S3S.0
2506,2507,M4-29,M4-IO.0ab
2507,2508,M4-29,M4-KA.efg
2508,2509,M4-29,M4-SE.0ab
2509,2510,M4-30,M4-S3S.0
2510,2511,M4-30,M4-IO.0ab
2511,2512,M4-30,M4-KA.efg
2512,2513,M4-30,M4-SE.0ab
2513,2514,M4-31,M4-S3S.0
2514,2515,M4-31,M4-IO.0ab
2515,2516,M4-31,M4-KA.efg
2516,2517,M4-31,M4-SE.0ab
2517,2518,M4-32,M4-S3S.0
2518,2519,M4-32,M4-IO.0ab
2519,2520,M4-32,M4-KA.efg
2520,2521,M4-32,M4-SE.0ab
2521,2522,M4-33,M4-S3S.0
2522,2523,M4-33,M4-IO.0ab
2523,2524,M4-33,M4-KA.efg
2524,2525,M4-33,M4-SE.0ab
2525,2526,M4-34,M4-S3S.0
2526,2527,M4-34,M4-IO.0ab
2527,2528,M4-34,M4-KA.efg
2528,2529,M4-34,M4-SE.0ab
2529,2530,M4-35,M4-S3S.0
2530,2531,M4-35,M4-IO.0ab
2531,2532,M4-35,M4-KA.efg
2532,2533,M4-35,M4-SE.0ab
2533,2534,M4-36,M4-S3S.0
2534,2535,M4-36,M4-KA.efg
2535,2536,M4-36,M4-SE.0ab
2536,2537,M4-37,M4-S3E.0a
2537,2538,M4-37,M4-S3F.0a
2538,2539,M4-37,M4-IO.0ab
2539,2540,M4-37,M4-KA.efg
2540,2541,M4-37,M4-SE.0ab
2541,2542,M4-38,M4-S3S.0
2542,2543,M4-38,M4-IO.0ab
2543,2544,M4-38,M4-KA.efg
2544,2545,M4-38,M4-SE.0ab
2545,2546,M4-39,M4-S3S.0
2546,2547,M4-39,M4-IO.0ab
2547,2548,M4-39,M4-KA.efg
2548,2549,M4-39,M4-SE.0ab
2549,2550,M4-40,M4-S3S.0
2550,2551,M4-40,M4-IO.0ab
2551,2552,M4-40,M4-KA.efg
2552,2553,M4-40,M4-SE.0ab
2553,2554,M4-41,M4-S3S.0
2554,2555,M4-41,M4-IO.0ab
2555,2556,M4-41,M4-KA.efg
2556,2557,M4-41,M4-SE.0ab
2557,2558,M4-42,M4-S3S.0
2558,2559,M4-42,M4-IO.0ab
2559,2560,M4-42,M4-KA.efg
2560,2561,M4-42,M4-SE.0ab
2561,2562,M4-43,M4-S3S.0
2562,2563,M4-43,M4-KA.efg
2563,2564,M4-43,M4-SE.0ab
2564,2565,M4-44,M4-S3S.0
2565,2566,M4-44,M4-TV.0
2566,2567,M4-44,M4-IO.0ab
2567,2568,M4-44,M4-KA.efg
2568,2569,M5-1,M5-S3S.0
2569,2570,M5-1,M5-IO.0ab
2570,2571,M5-2,M5-S3S.0
2571,2572,M5-2,M5-IO.0ab
2572,2573,M5-3,M5-S3S.0
2573,2574,M5-3,M5-IO.0ab
2574,2575,M5-4,M5-S3S.0
2575,2576,M5-4,M5-IO.0ab
2576,2577,M5-5,M5-S3S.0
2577,2578,M5-5,M5-IO.0ab
2578,2579,M5-6,M5-S3S.0
2579,2580,M5-6,M5-IO.0ab
2580,2581,M5-7,M5-S3S.0
2581,2582,M5-8,M5-S3E.0a
2582,2583,M5-8,M5-S3F.0a
2583,2584,M5-8,M5-IO.0ab
2584,2585,M5-9,M5-S3E.0a
2585,2586,M5-9,M5-S3F.0a
2586,2587,M5-9,M5-IO.0ab
2587,2588,M5-10,M5-S3E.0a
2588,2589,M5-10,M5-S3F.0a
2589,2590,M5-10,M5-IO.0ab
2590,2591,M5-11,M5-S3S.0
2591,2592,M5-11,M5-IO.0ab
2592,2593,M5-12,M5-S3S.0
2593,2594,M5-12,M5-IO.0ab
2594,2595,M5-13,M5-S3S.0
2595,2596,M5-13,M5-IO.0ab
2596,2597,M5-14,M5-S3S.0
2597,2598,M5-14,M5-IO.0ab
2598,2599,M5-15,M5-S3S.0
2599,2600,M5-15,M5-IO.0ab
2600,2601,M5-16,M5-S3S.0
2601,2602,M5-16,M5-IO.0ab
2602,2603,M5-17,M5-S3S.0
2603,2604,M5-18,M5-S3E.0a
2604,2605,M5-18,M5-S3F.0a
2605,2606,M5-18,M5-IO.0ab
2606,2607,M5-19,M5-S3E.0a
2607,2608,M5-19,M5-S3F.0a
2608,2609,M5-19,M5-IO.0ab
2609,2610,M5-20,M5-S3S.0
2610,2611,M5-20,M5-IO.0ab
2611,2612,M5-21,M5-S3S.0
2612,2613,M5-21,M5-IO.0ab
2613,2614,M5-22,M5-S3S.0
2614,2615,M5-22,M5-IO.0ab
2615,2616,M5-23,M5-S3S.0
2616,2617,M5-23,M5-IO.0ab
2617,2618,M5-24,M5-S3S.0
2618,2619,M5-24,M5-IO.0ab
2619,2620,M5-25,M5-S3S.0
2620,2621,M5-25,M5-IO.0ab
2621,2622,M5-26,M5-S3E.0a
2622,2623,M5-26,M5-S3F.0a
2623,2624,M5-26,M5-IO.0ab
2624,2625,M5-27,M5-S3S.0
2625,2626,M5-27,M5-IO.0ab
2626,2627,M5-28,M5-S3S.0
2627,2628,M5-28,M5-IO.0ab
2628,2629,M5-29,M5-S3S.0
2629,2630,M5-29,M5-IO.0ab
2630,2631,M5-30,M5-S3S.0
2631,2632,M5-30,M5-IO.0ab
2632,2633,M5-31,M5-S3S.0
2633,2634,M5-31,M5-IO.0ab
2634,2635,M5-32,M5-S3E.0a
2635,2636,M5-32,M5-S3F.0a
2636,2637,M5-32,M5-IO.0ab
2637,2638,M5-33,M5-S3S.0
2638,2639,M5-33,M5-IO.0ab
2639,2640,M5-34,M5-S3S.0
2640,2641,M5-34,M5-IO.0ab
2641,2642,M5-35,M5-S3S.0
2642,2643,M5-35,M5-IO.0ab
2643,2644,M5-36,M5-S3S.0
2644,2645,M5-36,M5-IO.0ab
2645,2646,M5-37,M5-S3S.0
2646,2647,M5-37,M5-IO.0ab
2647,2648,M5-38,M5-S3E.0a
2648,2649,M5-38,M5-S3F.0a
2649,2650,M5-38,M5-IO.0ab
2650,2651,M9-1,M9-SE.0a
2651,2652,M9-2,M9-SE.0a
2652,2653,M9-3,M9-SE.0a
2653,2654,M9-4,M9-SE.0a
2654,2655,M9-5,M9-SE.0a
2655,2656,M9-6,M9-SE.0a
2656,2657,M9-7,M9-SE.0a
2657,2658,M11-1,M11-KT.d
2658,2659,M11-2,M11-KT.d
2659,2660,M11-3,M11-KT.d
2660,2661,M11-4,M11-KT.d
2661,2662,M11-5,M11-KT.d
2662,2663,M11-6,M11-KT.d
2663,2664,T1-1,T1-VF.a
2664,2665,T1-1,T1-VS.0abcd
2665,2666,T1-1,T1-LA.0abcd
2666,2667,T1-1,T1-NG.0a
2667,2668,T1-1,T1-VI.0a
2668,2669,T1-1,T1-SV.0
2669,2670,T1-2,T1-VF.a
2670,2671,T1-2,T1-VS.0abcd
2671,2672,T1-2,T1-LA.0abcd
2672,2673,T1-2,T1-NG.0a
2673,2674,T1-2,T1-VI.0a
2674,2675,T1-2,T1-SV.0
2675,2676,T1-3,T1-VF.a
2676,2677,T1-3,T1-VS.0abcd
2677,2678,T1-3,T1-LA.0abcd
2678,2679,T1-3,T1-NG.0a
2679,2680,T1-3,T1-VI.0a
2680,2681,T1-3,T1-SV.0
2681,2682,T1-4,T1-VF.a
2682,2683,T1-4,T1-VS.0abcd
2683,2684,T1-4,T1-LA.0abcd
2684,2685,T1-4,T1-NG.0a
2685,2686,T1-4,T1-VI.0a
2686,2687,T1-4,T1-SV.0
2687,2688,T1-5,T1-VF.a
2688,2689,T1-5,T1-VS.0abcd
2689,2690,T1-5,T1-LA.0abcd
2690,2691,T1-5,T1-NG.0a
2691,2692,T1-5,T1-VI.0a
2692,2693,T1-5,T1-SV.0
2693,2694,T1-6,T1-VF.a
2694,2695,T1-6,T1-VS.0abcd
2695,2696,T1-6,T1-LA.0abcd
2696,2697,T1-6,T1-NG.0a
2697,2698,T1-6,T1-VI.0a
2698,2699,T1-6,T1-SV.0
2699,2700,T1-7,T1-VF.a
2700,2701,T1-7,T1-VS.0abcd
2701,2702,T1-7,T1-LA.0abcd
2702,2703,T1-7,T1-NG.0a
2703,2704,T1-7,T1-VI.0a
2704,2705,T1-7,T1-SV.0
2705,2706,T1-8,T1-VF.a
2706,2707,T1-8,T1-VS.0abcd
2707,2708,T1-8,T1-LA.0abcd
2708,2709,T1-8,T1-NG.0a
2709,2710,T1-8,T1-VI.0a
2710,2711,T1-8,T1-SV.0
2711,2712,T1-9,T1-VF.a
2712,2713,T1-9,T1-VS.0abcd
2713,2714,T1-9,T1-LA.0abcd
2714,2715,T1-9,T1-NG.0a
2715,2716,T1-9,T1-VI.0a
2716,2717,T1-9,T1-SV.0
2717,2718,T1-10,T1-VF.a
2718,2719,T1-10,T1-VS.0abcd
2719,2720,T1-10,T1-LA.0abcd
2720,2721,T1-10,T1-NG.0a
2721,2722,T1-10,T1-VI.0a
2722,2723,T1-10,T1-SV.0
2723,2724,T1-11,T1-VF.a
2724,2725,T1-11,T1-VS.0abcd
2725,2726,T1-11,T1-LA.0abcd
2726,2727,T1-11,T1-NG.0a
2727,2728,T1-11,T1-VI.0a
2728,2729,T1-11,T1-SV.0
2729,2730,T1-12,T1-VF.a
2730,2731,T1-12,T1-VS.0abcd
2731,2732,T1-12,T1-LA.0abcd
2732,2733,T1-12,T1-NG.0a
2733,2734,T1-12,T1-VI.0a
2734,2735,T1-12,T1-SV.0
2735,2736,T1-13,T1-VF.a
2736,2737,T1-13,T1-VS.0abcd
2737,2738,T1-13,T1-LA.0abcd
2738,2739,T1-13,T1-NG.0a
2739,2740,T1-13,T1-VI.0a
2740,2741,T1-13,T1-SV.0
2741,2742,T1-14,T1-VF.a
2742,2743,T1-14,T1-VS.0abcd
2743,2744,T1-14,T1-LA.0abcd
2744,2745,T1-14,T1-NG.0a
2745,2746,T1-14,T1-VI.0a
2746,2747,T1-14,T1-SV.0
2747,2748,T1-15,T1-VF.a
2748,2749,T1-15,T1-VS.0abcd
2749,2750,T1-15,T1-LA.0abcd
2750,2751,T1-15,T1-NG.0a
2751,2752,T1-15,T1-VI.0a
2752,2753,T1-15,T1-SV.0
2753,2754,T1-16,T1-VF.a
2754,2755,T1-16,T1-VS.0abcd
2755,2756,T1-16,T1-LA.0abcd
2756,2757,T1-16,T1-NG.0a
2757,2758,T1-16,T1-VI.0a
2758,2759,T1-16,T1-SV.0
2759,2760,T1-17,T1-VF.a
2760,2761,T1-17,T1-VS.0abcd
2761,2762,T1-17,T1-LA.0abcd
2762,2763,T1-17,T1-NG.0a
2763,2764,T1-17,T1-VI.0a
2764,2765,T1-17,T1-SV.0
2765,2766,T1-18,T1-VF.a
2766,2767,T1-18,T1-VS.0abcd
2767,2768,T1-18,T1-LA.0abcd
2768,2769,T1-18,T1-NG.0a
2769,2770,T1-18,T1-VI.0a
2770,2771,T1-18,T1-SV.0
2771,2772,T1-19,T1-VF.a
2772,2773,T1-19,T1-VS.0abcd
2773,2774,T1-19,T1-LA.0abcd
2774,2775,T1-19,T1-NG.0a
2775,2776,T1-19,T1-VI.0a
2776,2777,T1-19,T1-SV.0
2777,2778,T1-20,T1-VF.a
2778,2779,T1-20,T1-VS.0abcd
2779,2780,T1-20,T1-LA.0abcd
2780,2781,T1-20,T1-NG.0a
2781,2782,T1-20,T1-VI.0a
2782,2783,T1-20,T1-SV.0
2783,2784,T1-21,T1-VF.a
2784,2785,T1-21,T1-VS.0abcd
2785,2786,T1-21,T1-LA.0abcd
2786,2787,T1-21,T1-NG.0a
2787,2788,T1-21,T1-VI.0a
2788,2789,T1-21,T1-SV.0
2789,2790,T1-22,T1-VF.a
2790,2791,T1-22,T1-VS.0abcd
2791,2792,T1-22,T1-LA.0abcd
2792,2793,T1-22,T1-NG.0a
2793,2794,T1-22,T1-VI.0a
2794,2795,T1-22,T1-SV.0
2795,2796,T1-23,T1-VF.a
2796,2797,T1-23,T1-VS.0abcd
2797,2798,T1-23,T1-LA.0abcd
2798,2799,T1-23,T1-NG.0a
2799,2800,T1-23,T1-VI.0a
2800,2801,T1-23,T1-SV.0
2801,2802,T1-24,T1-VF.a
2802,2803,T1-24,T1-VS.0abcd
2803,2804,T1-24,T1-LA.0abcd
2804,2805,T1-24,T1-NG.0a
2805,2806,T1-24,T1-VI.0a
2806,2807,T1-24,T1-SV.0
2807,2808,T1-25,T1-VF.a
2808,2809,T1-25,T1-VS.0abcd
2809,2810,T1-25,T1-LA.0abcd
2810,2811,T1-25,T1-NG.0a
2811,2812,T1-25,T1-VI.0a
2812,2813,T1-25,T1-SV.0
2813,2814,T1-26,T1-VF.a
2814,2815,T1-26,T1-VS.0abcd
2815,2816,T1-26,T1-LA.0abcd
2816,2817,T1-26,T1-NG.0a
2817,2818,T1-26,T1-VI.0a
2818,2819,T1-26,T1-SV.0
2819,2820,T1-27,T1-VF.a
2820,2821,T1-27,T1-VS.0abcd
2821,2822,T1-27,T1-LA.0abcd
2822,2823,T1-27,T1-NG.0a
2823,2824,T1-27,T1-VI.0a
2824,2825,T1-27,T1-SV.0
2825,2826,T1-28,T1-VF.a
2826,2827,T1-28,T1-VS.0abcd
2827,2828,T1-28,T1-LA.0abcd
2828,2829,T1-28,T1-NG.0a
2829,2830,T1-28,T1-VI.0a
2830,2831,T1-28,T1-SV.0
2831,2832,T1-29,T1-VF.a
2832,2833,T1-29,T1-VS.0abcd
2833,2834,T1-29,T1-LA.0abcd
2834,2835,T1-29,T1-NG.0a
2835,2836,T1-29,T1-VI.0a
2836,2837,T1-29,T1-SV.0
2837,2838,T1-30,T1-VF.a
2838,2839,T1-30,T1-VS.0abcd
2839,2840,T1-30,T1-LA.0abcd
2840,2841,T1-30,T1-NG.0a
2841,2842,T1-30,T1-VI.0a
2842,2843,T1-30,T1-SV.0
2843,2844,T1-31,T1-VF.a
2844,2845,T1-31,T1-VS.0abcd
2845,2846,T1-31,T1-LA.0abcd
2846,2847,T1-31,T1-NG.0a
2847,2848,T1-31,T1-VI.0a
2848,2849,T1-31,T1-SV.0
2849,2850,T1-32,T1-VF.a
2850,2851,T1-32,T1-VS.0abcd
2851,2852,T1-32,T1-LA.0abcd
2852,2853,T1-32,T1-NG.0a
2853,2854,T1-32,T1-VI.0a
2854,2855,T1-32,T1-SV.0
2855,2856,T1-33,T1-VF.a
2856,2857,T1-33,T1-VS.0abcd
2857,2858,T1-33,T1-LA.0abcd
2858,2859,T1-33,T1-NG.0a
2859,2860,T1-33,T1-VI.0a
2860,2861,T1-33,T1-SV.0
2861,2862,T1-34,T1-VF.a
2862,2863,T1-34,T1-VS.0abcd
2863,2864,T1-34,T1-LA.0abcd
2864,2865,T1-34,T1-NG.0a
2865,2866,T1-34,T1-VI.0a
2866,2867,T1-34,T1-SV.0
2867,2868,T1-35,T1-VF.a
2868,2869,T1-35,T1-VS.0abcd
2869,2870,T1-35,T1-LA.0abcd
2870,2871,T1-35,T1-NG.0a
2871,2872,T1-35,T1-VI.0a
2872,2873,T1-35,T1-SV.0
2873,2874,T1-36,T1-VF.a
2874,2875,T1-36,T1-VS.0abcd
2875,2876,T1-36,T1-LA.0abcd
2876,2877,T1-36,T1-NG.0a
2877,2878,T1-36,T1-VI.0a
2878,2879,T1-36,T1-SV.0
2879,2880,T1-37,T1-VF.a
2880,2881,T1-37,T1-VS.0abcd
2881,2882,T1-37,T1-LA.0abcd
2882,2883,T1-37,T1-NG.0a
2883,2884,T1-37,T1-VI.0a
2884,2885,T1-37,T1-SV.0
2885,2886,T1-38,T1-VF.a
2886,2887,T1-38,T1-VS.0abcd
2887,2888,T1-38,T1-LA.0abcd
2888,2889,T1-38,T1-NG.0a
2889,2890,T1-38,T1-VI.0a
2890,2891,T1-38,T1-SV.0
2891,2892,T1-39,T1-VF.a
2892,2893,T1-39,T1-VS.0abcd
2893,2894,T1-39,T1-LA.0abcd
2894,2895,T1-39,T1-NG.0a
2895,2896,T1-39,T1-VI.0a
2896,2897,T1-39,T1-SV.0
2897,2898,T1-40,T1-VF.a
2898,2899,T1-40,T1-VS.0abcd
2899,2900,T1-40,T1-LA.0abcd
2900,2901,T1-40,T1-NG.0a
2901,2902,T1-40,T1-VI.0a
2902,2903,T1-40,T1-SV.0
2903,2904,T1-41,T1-VF.a
2904,2905,T1-41,T1-VS.0abcd
2905,2906,T1-41,T1-LA.0abcd
2906,2907,T1-41,T1-NG.0a
2907,2908,T1-41,T1-VI.0a
2908,2909,T1-41,T1-SV.0
2909,2910,T1-42,T1-VF.a
2910,2911,T1-42,T1-VS.0abcd
2911,2912,T1-42,T1-LA.0abcd
2912,2913,T1-42,T1-NG.0a
2913,2914,T1-42,T1-VI.0a
2914,2915,T1-42,T1-SV.0
2915,2916,T1-43,T1-VF.a
2916,2917,T1-43,T1-VS.0abcd
2917,2918,T1-43,T1-LA.0abcd
2918,2919,T1-43,T1-NG.0a
2919,2920,T1-43,T1-VI.0a
2920,2921,T1-43,T1-SV.0
2921,2922,T1-44,T1-VF.a
2922,2923,T1-44,T1-VS.0abcd
2923,2924,T1-44,T1-LA.0abcd
2924,2925,T1-44,T1-NG.0a
2925,2926,T1-44,T1-VI.0a
2926,2927,T1-44,T1-SV.0
2927,2928,T1-45,T1-VF.a
2928,2929,T1-45,T1-VS.0abcd
2929,2930,T1-45,T1-LA.0abcd
2930,2931,T1-45,T1-NG.0a
2931,2932,T1-45,T1-VI.0a
2932,2933,T1-45,T1-SV.0
2933,2934,T1-46,T1-VF.a
2934,2935,T1-46,T1-VS.0abcd
2935,2936,T1-46,T1-LA.0abcd
2936,2937,T1-46,T1-NG.0a
2937,2938,T1-46,T1-VI.0a
2938,2939,T1-46,T1-SV.0
2939,2940,T1-47,T1-VF.a
2940,2941,T1-47,T1-VS.0abcd
2941,2942,T1-47,T1-LA.0abcd
2942,2943,T1-47,T1-NG.0a
2943,2944,T1-47,T1-VI.0a
2944,2945,T1-47,T1-SV.0
2945,2946,T1-48,T1-VF.a
2946,2947,T1-48,T1-VS.0abcd
2947,2948,T1-48,T1-LA.0abcd
2948,2949,T1-48,T1-NG.0a
2949,2950,T1-48,T1-VI.0a
2950,2951,T1-48,T1-SV.0
2951,2952,T1-49,T1-VF.a
2952,2953,T1-49,T1-VS.0abcd
2953,2954,T1-49,T1-LA.0abcd
2954,2955,T1-49,T1-NG.0a
2955,2956,T1-49,T1-VI.0a
2956,2957,T1-49,T1-SV.0
2957,2958,T1-50,T1-VF.a
2958,2959,T1-50,T1-VS.0abcd
2959,2960,T1-50,T1-LA.0abcd
2960,2961,T1-50,T1-NG.0a
2961,2962,T1-50,T1-VI.0a
2962,2963,T1-50,T1-SV.0
2963,2964,T1-51,T1-VF.a
2964,2965,T1-51,T1-VS.0abcd
2965,2966,T1-51,T1-LA.0abcd
2966,2967,T1-51,T1-NG.0a
2967,2968,T1-51,T1-VI.0a
2968,2969,T1-51,T1-SV.0
2969,2970,T1-52,T1-VF.a
2970,2971,T1-52,T1-VS.0abcd
2971,2972,T1-52,T1-LA.0abcd
2972,2973,T1-52,T1-NG.0a
2973,2974,T1-52,T1-VI.0a
2974,2975,T1-52,T1-SV.0
2975,2976,T1-53,T1-VF.a
2976,2977,T1-53,T1-VS.0abcd
2977,2978,T1-53,T1-LA.0abcd
2978,2979,T1-53,T1-NG.0a
2979,2980,T1-53,T1-VI.0a
2980,2981,T1-53,T1-SV.0
2981,2982,T1-54,T1-VF.a
2982,2983,T1-54,T1-VS.0abcd
2983,2984,T1-54,T1-LA.0abcd
2984,2985,T1-54,T1-NG.0a
2985,2986,T1-54,T1-VI.0a
2986,2987,T1-54,T1-SV.0
2987,2988,T1-55,T1-VF.a
2988,2989,T1-55,T1-VS.0abcd
2989,2990,T1-55,T1-LA.0abcd
2990,2991,T1-55,T1-NG.0a
2991,2992,T1-55,T1-VI.0a
2992,2993,T1-55,T1-SV.0
2993,2994,T1-56,T1-VF.a
2994,2995,T1-56,T1-VS.0abcd
2995,2996,T1-56,T1-LA.0abcd
2996,2997,T1-56,T1-NG.0a
2997,2998,T1-56,T1-VI.0a
2998,2999,T1-56,T1-SV.0
2999,3000,T1-57,T1-VF.a
3000,3001,T1-57,T1-VS.0abcd
3001,3002,T1-57,T1-LA.0abcd
3002,3003,T1-57,T1-NG.0a
3003,3004,T1-57,T1-VI.0a
3004,3005,T1-57,T1-SV.0
3005,3006,T1-58,T1-VF.a
3006,3007,T1-58,T1-VS.0abcd
3007,3008,T1-58,T1-LA.0abcd
3008,3009,T1-58,T1-NG.0a
3009,3010,T1-58,T1-VI.0a
3010,3011,T1-58,T1-SV.0
3011,3012,T1-59,T1-VF.a
3012,3013,T1-59,T1-VS.0abcd
3013,3014,T1-59,T1-LA.0abcd
3014,3015,T1-59,T1-NG.0a
3015,3016,T1-59,T1-VI.0a
3016,3017,T1-59,T1-SV.0
3017,3018,T1-60,T1-VF.a
3018,3019,T1-60,T1-VS.0abcd
3019,3020,T1-60,T1-LA.0abcd
3020,3021,T1-60,T1-NG.0a
3021,3022,T1-60,T1-VI.0a
3022,3023,T1-60,T1-SV.0
3023,3024,T1-61,T1-UE.0a
3024,3025,T1-61,T1-OR.0
3025,3026,T1-61,T1-VS.0abcd
3026,3027,T1-61,T1-LA.0abcd
3027,3028,T1-61,T1-NG.0a
3028,3029,T1-61,T1-VI.0a
3029,3030,T1-61,T1-SV.0
3030,3031,T1-62,T1-UE.0a
3031,3032,T1-62,T1-OR.0
3032,3033,T1-62,T1-VS.0abcd
3033,3034,T1-62,T1-LA.0abcd
3034,3035,T1-62,T1-NG.0a
3035,3036,T1-62,T1-VI.0a
3036,3037,T1-62,T1-SV.0
3037,3038,T1-63,T1-UE.0a
3038,3039,T1-63,T1-OR.0
3039,3040,T1-63,T1-VS.0abcd
3040,3041,T1-63,T1-LA.0abcd
3041,3042,T1-63,T1-NG.0a
3042,3043,T1-63,T1-VI.0a
3043,3044,T1-63,T1-SV.0
3044,3045,T1-64,T1-UE.0a
3045,3046,T1-64,T1-OR.0
3046,3047,T1-64,T1-VS.0abcd
3047,3048,T1-64,T1-LA.0abcd
3048,3049,T1-64,T1-NG.0a
3049,3050,T1-64,T1-VI.0a
3050,3051,T1-64,T1-SV.0
3051,3052,T1-65,T1-UE.0a
3052,3053,T1-65,T1-OR.0
3053,3054,T1-65,T1-VS.0abcd
3054,3055,T1-65,T1-LA.0abcd
3055,3056,T1-65,T1-NG.0a
3056,3057,T1-65,T1-VI.0a
3057,3058,T1-65,T1-SV.0
3058,3059,T1-66,T1-UE.0a
3059,3060,T1-66,T1-OR.0
3060,3061,T1-66,T1-VS.0abcd
3061,3062,T1-66,T1-LA.0abcd
3062,3063,T1-66,T1-NG.0a
3063,3064,T1-66,T1-VI.0a
3064,3065,T1-66,T1-SV.0
3065,3066,T1-67,T1-UE.0a
3066,3067,T1-67,T1-OR.0
3067,3068,T1-67,T1-VS.0abcd
3068,3069,T1-67,T1-LA.0abcd
3069,3070,T1-67,T1-NG.0a
3070,3071,T1-67,T1-VI.0a
3071,3072,T1-67,T1-SV.0
3072,3073,T1-68,T1-UE.0a
3073,3074,T1-68,T1-OR.0
3074,3075,T1-68,T1-VS.0abcd
3075,3076,T1-68,T1-LA.0abcd
3076,3077,T1-68,T1-NG.0a
3077,3078,T1-68,T1-VI.0a
3078,3079,T1-68,T1-SV.0
3079,3080,T1-69,T1-UE.0a
3080,3081,T1-69,T1-OR.0
3081,3082,T1-69,T1-VF.a
3082,3083,T1-69,T1-LA.0abcd
3083,3084,T1-69,T1-NG.0a
3084,3085,T1-69,T1-VI.0a
3085,3086,T1-69,T1-SV.0
3086,3087,T1-70,T1-UE.0a
3087,3088,T1-70,T1-OR.0
3088,3089,T1-70,T1-VF.a
3089,3090,T1-70,T1-LA.0abcd
3090,3091,T1-70,T1-NG.0a
3091,3092,T1-70,T1-VI.0a
3092,3093,T1-70,T1-SV.0
3093,3094,T1-71,T1-UE.0a
3094,3095,T1-71,T1-OR.0
3095,3096,T1-71,T1-VF.a
3096,3097,T1-71,T1-LA.0abcd
3097,3098,T1-71,T1-NG.0a
3098,3099,T1-71,T1-VI.0a
3099,3100,T1-71,T1-SV.0
3100,3101,T1-72,T1-UE.0a
3101,3102,T1-72,T1-OR.0
3102,3103,T1-72,T1-VF.a
3103,3104,T1-72,T1-LA.0abcd
3104,3105,T1-72,T1-NG.0a
3105,3106,T1-72,T1-VI.0a
3106,3107,T1-72,T1-SV.0
3107,3108,T1-73,T1-UE.0a
3108,3109,T1-73,T1-OR.0
3109,3110,T1-73,T1-VF.a
3110,3111,T1-73,T1-LA.0abcd
3111,3112,T1-73,T1-NG.0a
3112,3113,T1-73,T1-VI.0a
3113,3114,T1-73,T1-SV.0
3114,3115,T1-74,T1-UE.0a
3115,3116,T1-74,T1-OR.0
3116,3117,T1-74,T1-VF.a
3117,3118,T1-74,T1-LA.0abcd
3118,3119,T1-74,T1-NG.0a
3119,3120,T1-74,T1-VI.0a
3120,3121,T1-74,T1-SV.0
3121,3122,T1-75,T1-UE.0a
3122,3123,T1-75,T1-OR.0
3123,3124,T1-75,T1-VF.a
3124,3125,T1-75,T1-LA.0abcd
3125,3126,T1-75,T1-NG.0a
3126,3127,T1-75,T1-VI.0a
3127,3128,T1-75,T1-SV.0
3128,3129,T1-76,T1-UE.0a
3129,3130,T1-76,T1-OR.0
3130,3131,T1-76,T1-VF.a
3131,3132,T1-76,T1-LA.0abcd
3132,3133,T1-76,T1-NG.0a
3133,3134,T1-76,T1-VI.0a
3134,3135,T1-76,T1-SV.0
3135,3136,T1-77,T1-OR.0
3136,3137,T1-77,T1-HF.0ab
3137,3138,T1-77,T1-VF.a
3138,3139,T1-77,T1-VS.0abcd
3139,3140,T1-77,T1-NG.0a
3140,3141,T1-77,T1-VI.0a
3141,3142,T1-77,T1-SV.0
3142,3143,T1-78,T1-OR.0
3143,3144,T1-78,T1-HF.0ab
3144,3145,T1-78,T1-VF.a
3145,3146,T1-78,T1-VS.0abcd
3146,3147,T1-78,T1-NG.0a
3147,3148,T1-78,T1-VI.0a
3148,3149,T1-78,T1-SV.0
3149,3150,T1-79,T1-OR.0
3150,3151,T1-79,T1-HF.0ab
3151,3152,T1-79,T1-VF.a
3152,3153,T1-79,T1-VS.0abcd
3153,3154,T1-79,T1-NG.0a
3154,3155,T1-79,T1-VI.0a
3155,3156,T1-79,T1-SV.0
3156,3157,T1-80,T1-OR.0
3157,3158,T1-80,T1-HF.0ab
3158,3159,T1-80,T1-VF.a
3159,3160,T1-80,T1-VS.0abcd
3160,3161,T1-80,T1-NG.0a
3161,3162,T1-80,T1-VI.0a
3162,3163,T1-80,T1-SV.0
3163,3164,T1-81,T1-OR.0
3164,3165,T1-81,T1-HF.0ab
3165,3166,T1-81,T1-VF.a
3166,3167,T1-81,T1-VS.0abcd
3167,3168,T1-81,T1-LA.0abcd
3168,3169,T1-81,T1-NG.0a
3169,3170,T1-81,T1-VI.0a
3170,3171,T1-82,T1-OR.0
3171,3172,T1-82,T1-HF.0ab
3172,3173,T1-82,T1-VF.a
3173,3174,T1-82,T1-VS.0abcd
3174,3175,T1-82,T1-LA.0abcd
3175,3176,T1-82,T1-NG.0a
3176,3177,T1-82,T1-VI.0a
3177,3178,T1-83,T1-OR.0
3178,3179,T1-83,T1-HF.0ab
3179,3180,T1-83,T1-VF.a
3180,3181,T1-83,T1-VS.0abcd
3181,3182,T1-83,T1-LA.0abcd
3182,3183,T1-83,T1-NG.0a
3183,3184,T1-83,T1-SV.0
3184,3185,T1-84,T1-OR.0
3185,3186,T1-84,T1-HF.0ab
3186,3187,T1-84,T1-VF.a
3187,3188,T1-84,T1-VS.0abcd
3188,3189,T1-84,T1-LA.0abcd
3189,3190,T1-84,T1-NG.0a
3190,3191,T1-84,T1-SV.0
3191,3192,T1-85,T1-OR.0
3192,3193,T1-85,T1-HF.0ab
3193,3194,T1-85,T1-VF.a
3194,3195,T1-85,T1-VS.0abcd
3195,3196,T1-85,T1-LA.0abcd
3196,3197,T1-85,T1-VI.0a
3197,3198,T1-85,T1-SV.0
3198,3199,T3-1,T3-KI.0a
3199,3200,T3-2,T3-KI.0a
3200,3201,T3-3,T3-KI.0a
3201,3202,T3-4,T3-KI.0a
3202,3203,T3-5,T3-KI.0a
3203,3204,T3-6,T3-KI.0a
3204,3205,T3-7,T3-KI.0a
3205,3206,T3-8,T3-KI.0a
3206,3207,T3-9,T3-KI.0a
3207,3208,T3-10,T3-KI.0a
3208,3209,T3-11,T3-KI.0a
3209,3210,T3-12,T3-KI.0a
3210,3211,T5-1,T5-UE.0abc
3211,3212,T5-2,T5-UE.0abc
3212,3213,T5-3,T5-UE.0abc
3213,3214,T5-4,T5-UE.0abc
3214,3215,T5-5,T5-UE.0abc
3215,3216,T5-6,T5-UE.0abc
3216,3217,T5-7,T5-UE.0abc
3217,3218,T7-1,T7-KI.0a
3218,3219,T7-2,T7-KI.0a
3219,3220,T7-3,T7-KI.0a
3220,3221,T7-4,T7-KI.0a
3221,3222,T7-5,T7-KI.0a
3222,3223,T7-6,T7-KI.0a
3223,3224,T7-7,T7-KI.0a
3224,3225,T7-8,T7-KI.0a
3225,3226,T7-9,T7-KI.0a
3226,3227,T7-10,T7-KI.0a
3227,3228,T7-11,T7-KI.0a
3228,3229,T8-1,T8-KI.0a
3229,3230,T8-2,T8-KI.0a
3230,3231,T8-3,T8-KI.0a
3231,3232,T8-5,T8-KI.0a
3232,3233,T13-1,T13-RU.bcde
3233,3234,T13-2,T13-RU.bcde
3234,3235,T13-3,T13-RU.bcde
3235,3236,T13-4,T13-RU.bcde
3236,3237,T13-5,T13-RU.bcde
3237,3238,T13-6,T13-RU.bcde
3238,3239,T13-7,T13-RU.bcde
3239,3240,T13-8,T13-RU.bcde
3240,3241,T13-9,T13-RU.bcde
3241,3242,T13-10,T13-RU.bcde
3242,3243,T13-11,T13-RU.bcde
3243,3244,T13-12,T13-RU.bcde
3244,3245,T13-13,T13-RU.bcde
3245,3246,T13-14,T13-RU.bcde
3246,3247,T13-15,T13-RU.bcde
3247,3248,T16-1,T16-RU.bc
3248,3249,T16-2,T16-RU.bc
3249,3250,T16-3,T16-RU.bc
3250,3251,T16-4,T16-RU.bc
3251,3252,T16-5,T16-RU.bc
3252,3253,T16-6,T16-RU.bc
3253,3254,T18-1,T18-KA.bcde
3254,3255,T18-1,T18-FR.0
3255,3256,T18-2,T18-KA.bcde
3256,3257,T18-2,T18-FR.0
3257,3258,T18-3,T18-KA.bcde
3258,3259,T18-3,T18-FR.0
3259,3260,T18-4,T18-KA.bcde
3260,3261,T18-4,T18-FR.0
3261,3262,T18-5,T18-FR.0
3262,3263,T18-6,T18-KA.bcde
3263,3264,T19-3,T19-KA.bcde
3264,3265,T21-1,T21-VI.abc
3265,3266,T21-1,T21-VM.0a
3266,3267,T21-2,T21-VI.abc
3267,3268,T21-2,T21-VM.0a
3268,3269,T21-3,T21-VI.abc
3269,3270,T21-3,T21-VM.0a
3270,3271,T21-4,T21-VI.abc
3271,3272,T21-4,T21-VM.0a
3272,3273,T21-5,T21-VI.abc
3273,3274,T21-5,T21-VM.0a
3274,3275,T21-6,T21-VI.abc
3275,3276,T21-6,T21-VM.0a
3276,3277,T21-7,T21-VM.0a
3277,3278,T21-8,T21-VI.abc
3278,3279,T26-1,T26-LA.0ab
3279,3280,T26-1,T26-S1.cd
3280,3281,T26-2,T26-LA.0ab
3281,3282,T26-2,T26-S1.cd
3282,3283,T26-3,T26-LA.0ab
3283,3284,T26-3,T26-S1.cd
3284,3285,T26-4,T26-LA.0ab
3285,3286,T26-4,T26-S1.cd
3286,3287,T26-5,T26-SV.0
3287,3288,T26-5,T26-VM.0a
3288,3289,T26-6,T26-SV.0
3289,3290,T26-6,T26-VM.0a
3290,3291,T26-7,T26-SV.0
3291,3292,T26-7,T26-VM.0a
3292,3293,T27-1,T27-VI.0a
3293,3294,T27-1,T27-LA.0abcd
3294,3295,T27-2,T27-VI.0a
3295,3296,T27-2,T27-LA.0abcd
3296,3297,T27-3,T27-VI.0a
3297,3298,T27-3,T27-LA.0abcd
3298,3299,T27-4,T27-VI.0a
3299,3300,T27-4,T27-LA.0abcd
3300,3301,T27-5,T27-VI.0a
3301,3302,T27-5,T27-LA.0abcd
3302,3303,T27-6,T27-LA.0abcd
3303,3304,T27-7,T27-LA.0abcd
3304,3305,T27-8,T27-SV.0
3305,3306,T27-8,T27-KA.abcde
3306,3307,T27-8,T27-VI.0a
3307,3308,T29-1,T29-VI.abc
3308,3309,T29-2,T29-VI.abc
3309,3310,T29-3,T29-VI.abc
3310,3311,T29-4,T29-VI.abc
3311,3312,T29-5,T29-VI.abc
3312,3313,T29-6,T29-VI.abc
3313,3314,T29-7,T29-VI.abc
3314,3315,T29-8,T29-VI.abc
3315,3316,T29-9,T29-VI.abc
3316,3317,T30-1,T30-KI.0a
3317,3318,T30-1,T30-ER.0a
3318,3319,T30-2,T30-KI.0a
3319,3320,T30-2,T30-ER.0a
3320,3321,T30-3,T30-KI.0a
3321,3322,T30-3,T30-ER.0a
3322,3323,T30-4,T30-KI.0a
3323,3324,T30-4,T30-ER.0a
3324,3325,T30-5,T30-ER.0a
3325,3326,T30-6,T30-ER.0a
3326,3327,T30-7,T30-KI.0a
3327,3328,T31-1,T31-KI.0a
3328,3329,T31-2,T31-KI.0a
3329,3330,T31-3,T31-KI.0a
3330,3331,T31-4,T31-KI.0a
3331,3332,T31-5,T31-KI.0a
3332,3333,T31-6,T31-KI.0a
3333,3334,T31-7,T31-KI.0a
3334,3335,T31-8,T31-KI.0a
3335,3336,T31-9,T31-KI.0a
3336,3337,T31-10,T31-KI.0a
3337,3338,T31-11,T31-KI.0a
3338,3339,T31-12,T31-KI.0a
3339,3340,T32-1,T32-KI.0a
3340,3341,T32-1,T32-UF.ab
3341,3342,T32-1,T32-SS.fghi
3342,3343,T32-2,T32-KI.0a
3343,3344,T32-2,T32-UF.ab
3344,3345,T32-2,T32-SS.fghi
3345,3346,T32-3,T32-KI.0a
3346,3347,T32-3,T32-UF.ab
3347,3348,T32-3,T32-SS.fghi
3348,3349,T32-4,T32-KI.0a
3349,3350,T32-4,T32-UF.ab
3350,3351,T32-4,T32-SS.fghi
3351,3352,T32-5,T32-KI.0a
3352,3353,T32-5,T32-UF.ab
3353,3354,T32-5,T32-SS.fghi
3354,3355,T32-6,T32-KI.0a
3355,3356,T32-6,T32-UF.ab
3356,3357,T32-6,T32-SS.fghi
3357,3358,T32-7,T32-KI.0a
3358,3359,T32-7,T32-UF.ab
3359,3360,T32-7,T32-SS.fghi
3360,3361,T32-8,T32-KI.0a
3361,3362,T32-8,T32-UF.ab
3362,3363,T32-8,T32-SS.fghi
3363,3364,T32-9,T32-KI.0a
3364,3365,T32-9,T32-UF.ab
3365,3366,T32-9,T32-SS.fghi
3366,3367,T32-10,T32-KI.0a
3367,3368,T32-10,T32-UF.ab
3368,3369,T32-10,T32-SS.fghi
3369,3370,T32-11,T32-UF.ab
3370,3371,T32-11,T32-SS.fghi
3371,3372,T32-12,T32-UF.ab
3372,3373,T32-12,T32-SS.fghi
3373,3374,T32-13,T32-KI.0a
3374,3375,T32-13,T32-SS.fghi
3375,3376,T32-14,T32-KI.0a
3376,3377,T32-14,T32-SS.fghi
3377,3378,T32-15,T32-KI.0a
3378,3379,T32-15,T32-SS.fghi
3379,3380,T32-16,T32-KI.0a
3380,3381,T32-16,T32-SS.fghi
3381,3382,T32-17,T32-KI.0a
3382,3383,T32-17,T32-SS.fghi
3383,3384,T32-18,T32-KI.0a
3384,3385,T32-18,T32-SS.fghi
3385,3386,T32-19,T32-KI.0a
3386,3387,T32-19,T32-SS.fghi
3387,3388,T32-20,T32-KI.0a
3388,3389,T32-20,T32-SS.fghi
3389,3390,T32-21,T32-KI.0a
3390,3391,T34-1,T34-VM.0
3391,3392,T34-2,T34-VM.0
3392,3393,T34-3,T34-VM.0
3393,3394,T34-4,T34-VM.0
3394,3395,T34-5,T34-VM.0
3395,3396,T34-6,T34-VM.0
3396,3397,T34-7,T34-VM.0
3397,3398,T34-8,T34-VM.0
3398,3399,T34-9,T34-VM.0
3399,3400,T34-10,T34-VM.0
3400,3401,V1-1,V1-MF.cd
3401,3402,V1-1,V1-KI.0
3402,3403,V1-1,V1-SA.0a
3403,3404,V1-2,V1-MF.cd
3404,3405,V1-2,V1-KI.0
3405,3406,V1-2,V1-SA.0a
3406,3407,V1-3,V1-MF.cd
3407,3408,V1-3,V1-KI.0
3408,3409,V1-3,V1-SA.0a
3409,3410,V1-4,V1-MF.cd
3410,3411,V1-4,V1-KI.0
3411,3412,V1-4,V1-SA.0a
3412,3413,V1-5,V1-MF.cd
3413,3414,V1-5,V1-KI.0
3414,3415,V1-5,V1-SA.0a
3415,3416,V1-6,V1-MF.cd
3416,3417,V1-6,V1-KI.0
3417,3418,V1-6,V1-SA.0a
3418,3419,V1-7,V1-MF.cd
3419,3420,V1-7,V1-KI.0
3420,3421,V1-7,V1-SA.0a
3421,3422,V1-8,V1-MF.cd
3422,3423,V1-8,V1-KI.0
3423,3424,V1-8,V1-SA.0a
3424,3425,V1-9,V1-MF.cd
3425,3426,V1-9,V1-KI.0
3426,3427,V1-9,V1-SA.0a
3427,3428,V1-10,V1-MF.cd
3428,3429,V1-10,V1-KI.0
3429,3430,V1-10,V1-SA.0a
3430,3431,V1-11,V1-MF.cd
3431,3432,V1-11,V1-KI.0
3432,3433,V1-11,V1-SA.0a
3433,3434,V1-12,V1-MF.cd
3434,3435,V1-12,V1-KI.0
3435,3436,V1-12,V1-SA.0a
3436,3437,V1-13,V1-MF.cd
3437,3438,V1-13,V1-KI.0
3438,3439,V1-13,V1-SA.0a
3439,3440,V1-14,V1-MF.cd
3440,3441,V1-14,V1-KI.0
3441,3442,V1-14,V1-SA.0a
3442,3443,V1-15,V1-MF.cd
3443,3444,V1-15,V1-KI.0
3444,3445,V1-15,V1-SA.0a
3445,3446,V1-16,V1-MF.cd
3446,3447,V1-16,V1-KI.0
3447,3448,V1-16,V1-SA.0a
3448,3449,V1-17,V1-MF.cd
3449,3450,V1-17,V1-KI.0
3450,3451,V1-17,V1-SA.0a
3451,3452,V1-18,V1-MF.cd
3452,3453,V1-18,V1-KI.0
3453,3454,V1-18,V1-SA.0a
3454,3455,V1-19,V1-MF.cd
3455,3456,V1-19,V1-KI.0
3456,3457,V1-19,V1-SA.0a
3457,3458,V1-20,V1-MF.cd
3458,3459,V1-20,V1-KI.0
3459,3460,V1-20,V1-SA.0a
3460,3461,V1-21,V1-KI.0
3461,3462,V1-21,V1-SA.0a
3462,3463,V1-22,V1-KI.0
3463,3464,V1-22,V1-SA.0a
3464,3465,V1-23,V1-KI.0
3465,3466,V1-23,V1-SA.0a
3466,3467,V1-24,V1-KI.0
3467,3468,V1-24,V1-SA.0a
3468,3469,V1-25,V1-KI.0
3469,3470,V1-25,V1-SA.0a
3470,3471,V1-26,V1-KI.0
3471,3472,V1-26,V1-SA.0a
3472,3473,V1-27,V1-KI.0
3473,3474,V1-27,V1-SA.0a
3474,3475,V1-28,V1-KI.0
3475,3476,V1-28,V1-SA.0a
3476,3477,V1-29,V1-KI.0
3477,3478,V1-29,V1-SA.0a
3478,3479,V1-30,V1-SA.0a
3479,3480,V1-31,V1-SA.0a
3480,3481,V1-32,V1-KI.0
3481,3482,V2-1,V2-KI.0a
3482,3483,V2-2,V2-KI.0a
3483,3484,V2-3,V2-KI.0a
3484,3485,V2-4,V2-KI.0a
3485,3486,V2-5,V2-KI.0a
3486,3487,V2-6,V2-KI.0a
3487,3488,V3-1,V3-MF.cd
3488,3489,V3-1,V3-VI.0
3489,3490,V3-2,V3-MF.cd
3490,3491,V3-2,V3-VI.0
3491,3492,V3-3,V3-MF.cd
3492,3493,V3-3,V3-VI.0
3493,3494,V3-4,V3-MF.cd
3494,3495,V3-4,V3-VI.0
3495,3496,V3-5,V3-MF.cd
3496,3497,V3-5,V3-VI.0
3497,3498,V3-6,V3-VI.0
3498,3499,V3-7,V3-MF.cd
3499,3500,V4-1,V4-KT.a
3500,3501,V4-2,V4-KT.a
3501,3502,V4-3,V4-KT.a
3502,3503,V4-4,V4-KT.a
3503,3504,V4-5,V4-KT.a
3504,3505,V8-1,V8-SA.0a
3505,3506,V8-2,V8-SA.0a
