pid,_id,minorType_id,mappingScale_id
0,T4-1,T4-1,500
1,T4-B-1,T4-1,2500
2,T4-C-1,T4-1,5000
3,T4-D-1,T4-1,10000
4,T4-E-1,T4-1,20000
5,T4-10,T4-10,500
6,T4-B-10,T4-10,2500
7,T4-C-10,T4-10,5000
8,T4-D-5,T4-10,10000
9,T4-E-5,T4-10,20000
10,T4-11,T4-11,500
11,T4-B-11,T4-11,2500
12,T4-C-11,T4-11,5000
13,T4-D-6,T4-11,10000
14,T4-E-6,T4-11,20000
15,T4-12,T4-12,500
16,T4-B-12,T4-12,2500
17,T4-C-12,T4-12,5000
18,T4-D-6,T4-12,10000
19,T4-E-6,T4-12,20000
20,T4-13,T4-13,500
21,T4-B-13,T4-13,2500
22,T4-C-13,T4-13,5000
23,T4-D-4,T4-13,10000
24,T4-E-4,T4-13,20000
25,T4-14,T4-14,500
26,T4-B-14,T4-14,2500
27,T4-C-14,T4-14,5000
28,T4-D-5,T4-14,10000
29,T4-E-5,T4-14,20000
30,T4-15,T4-15,500
31,T4-B-15,T4-15,2500
32,T4-C-15,T4-15,5000
33,T4-D-6,T4-15,10000
34,T4-E-6,T4-15,20000
35,T4-16,T4-16,500
36,T4-B-16,T4-16,2500
37,T4-C-16,T4-16,5000
38,T4-D-6,T4-16,10000
39,T4-E-6,T4-16,20000
40,T4-17,T4-17,500
41,T4-B-17,T4-17,2500
42,T4-C-17,T4-17,5000
43,T4-D-2,T4-17,10000
44,T4-E-2,T4-17,20000
45,T4-18,T4-18,500
46,T4-B-18,T4-18,2500
47,T4-C-18,T4-18,5000
48,T4-D-3,T4-18,10000
49,T4-E-3,T4-18,20000
50,T4-19,T4-19,500
51,T4-B-19,T4-19,2500
52,T4-C-19,T4-19,5000
53,T4-D-3,T4-19,10000
54,T4-E-3,T4-19,20000
55,T4-2,T4-2,500
56,T4-B-2,T4-2,2500
57,T4-C-2,T4-2,5000
58,T4-D-2,T4-2,10000
59,T4-E-2,T4-2,20000
60,T4-20,T4-20,500
61,T4-B-20,T4-20,2500
62,T4-C-20,T4-20,5000
63,T4-D-6,T4-20,10000
64,T4-E-6,T4-20,20000
65,T4-3,T4-3,500
66,T4-B-3,T4-3,2500
67,T4-C-3,T4-3,5000
68,T4-D-3,T4-3,10000
69,T4-E-3,T4-3,20000
70,T4-4,T4-4,500
71,T4-B-4,T4-4,2500
72,T4-C-4,T4-4,5000
73,T4-D-3,T4-4,10000
74,T4-E-3,T4-4,20000
75,T4-5,T4-5,500
76,T4-B-5,T4-5,2500
77,T4-C-5,T4-5,5000
78,T4-D-1,T4-5,10000
79,T4-E-1,T4-5,20000
80,T4-6,T4-6,500
81,T4-B-6,T4-6,2500
82,T4-C-6,T4-6,5000
83,T4-D-2,T4-6,10000
84,T4-E-2,T4-6,20000
85,T4-7,T4-7,500
86,T4-B-7,T4-7,2500
87,T4-C-7,T4-7,5000
88,T4-D-3,T4-7,10000
89,T4-E-3,T4-7,20000
90,T4-8,T4-8,500
91,T4-B-8,T4-8,2500
92,T4-C-8,T4-8,5000
93,T4-D-3,T4-8,10000
94,T4-E-3,T4-8,20000
95,T4-9,T4-9,500
96,T4-B-9,T4-9,2500
97,T4-C-9,T4-9,5000
98,T4-D-4,T4-9,10000
99,T4-E-4,T4-9,20000
100,M1-1,M1-1,500
101,M1-B-1,M1-1,2500
102,M1-C-1,M1-1,5000
103,M1-D-1,M1-1,10000
104,M1-E-1,M1-1,20000
105,M1-2,M1-2,500
106,M1-B-2,M1-2,2500
107,M1-C-2,M1-2,5000
108,M1-D-2,M1-2,10000
109,M1-E-2,M1-2,20000
110,M1-3,M1-3,500
111,M1-B-3,M1-3,2500
112,M1-C-3,M1-3,5000
113,M1-D-3,M1-3,10000
114,M1-E-3,M1-3,20000
115,M1-4,M1-4,500
116,M1-B-4,M1-4,2500
117,M1-C-4,M1-4,5000
118,M1-D-4,M1-4,10000
119,M1-E-4,M1-4,20000
120,M1-5,M1-5,500
121,M1-B-5,M1-5,2500
122,M1-C-5,M1-5,5000
123,M1-D-5,M1-5,10000
124,M1-E-5,M1-5,20000
125,M1-6,M1-6,500
126,M1-B-6,M1-6,2500
127,M1-C-6,M1-6,5000
128,M1-D-6,M1-6,10000
129,M1-E-6,M1-6,20000
130,M1-7,M1-7,500
131,M1-B-7,M1-7,2500
132,M1-C-7,M1-7,5000
133,M1-D-7,M1-7,10000
134,M1-E-7,M1-7,20000
135,M1-8,M1-8,500
136,M1-B-8,M1-8,2500
137,M1-C-8,M1-8,5000
138,M1-D-8,M1-8,10000
139,M1-E-8,M1-8,20000
140,M1-9,M1-9,500
141,M1-B-9,M1-9,2500
142,M1-C-9,M1-9,5000
143,M1-D-9,M1-9,10000
144,M1-E-9,M1-9,20000
145,M1-10,M1-10,500
146,M1-B-10,M1-10,2500
147,M1-C-10,M1-10,5000
148,M1-D-10,M1-10,10000
149,M1-E-10,M1-10,20000
150,M1-11,M1-11,500
151,M1-B-11,M1-11,2500
152,M1-C-11,M1-11,5000
153,M1-D-11,M1-11,10000
154,M1-E-11,M1-11,20000
155,M1-12,M1-12,500
156,M1-B-12,M1-12,2500
157,M1-C-12,M1-12,5000
158,M1-D-12,M1-12,10000
159,M1-E-12,M1-12,20000
160,M1-13,M1-13,500
161,M1-B-13,M1-13,2500
162,M1-C-13,M1-13,5000
163,M1-D-13,M1-13,10000
164,M1-E-13,M1-13,20000
165,M1-14,M1-14,500
166,M1-B-14,M1-14,2500
167,M1-C-14,M1-14,5000
168,M1-D-14,M1-14,10000
169,M1-E-14,M1-14,20000
170,M1-15,M1-15,500
171,M1-B-15,M1-15,2500
172,M1-C-15,M1-15,5000
173,M1-D-15,M1-15,10000
174,M1-E-15,M1-15,20000
175,M1-16,M1-16,500
176,M1-B-16,M1-16,2500
177,M1-C-16,M1-16,5000
178,M1-D-16,M1-16,10000
179,M1-E-16,M1-16,20000
180,M1-17,M1-17,500
181,M1-B-17,M1-17,2500
182,M1-C-17,M1-17,5000
183,M1-D-17,M1-17,10000
184,M1-E-17,M1-17,20000
185,M1-18,M1-18,500
186,M1-B-18,M1-18,2500
187,M1-C-18,M1-18,5000
188,M1-D-18,M1-18,10000
189,M1-E-18,M1-18,20000
190,M1-19,M1-19,500
191,M1-B-19,M1-19,2500
192,M1-C-19,M1-19,5000
193,M1-D-19,M1-19,10000
194,M1-E-19,M1-19,20000
195,M1-20,M1-20,500
196,M1-B-20,M1-20,2500
197,M1-C-20,M1-20,5000
198,M1-D-20,M1-20,10000
199,M1-E-20,M1-20,20000
200,M1-21,M1-21,500
201,M1-B-21,M1-21,2500
202,M1-C-21,M1-21,5000
203,M1-D-21,M1-21,10000
204,M1-E-21,M1-21,20000
205,M1-22,M1-22,500
206,M1-B-22,M1-22,2500
207,M1-C-22,M1-22,5000
208,M1-D-22,M1-22,10000
209,M1-E-22,M1-22,20000
210,M1-23,M1-23,500
211,M1-B-23,M1-23,2500
212,M1-C-23,M1-23,5000
213,M1-D-23,M1-23,10000
214,M1-E-23,M1-23,20000
215,M1-24,M1-24,500
216,M1-B-24,M1-24,2500
217,M1-C-24,M1-24,5000
218,M1-D-24,M1-24,10000
219,M1-E-24,M1-24,20000
220,M1-25,M1-25,500
221,M1-B-25,M1-25,2500
222,M1-C-25,M1-25,5000
223,M1-D-25,M1-25,10000
224,M1-E-25,M1-25,20000
225,M1-26,M1-26,500
226,M1-B-26,M1-26,2500
227,M1-C-26,M1-26,5000
228,M1-D-26,M1-26,10000
229,M1-E-26,M1-26,20000
230,M1-27,M1-27,500
231,M1-B-27,M1-27,2500
232,M1-C-27,M1-27,5000
233,M1-D-27,M1-27,10000
234,M1-E-27,M1-27,20000
235,M1-28,M1-28,500
236,M1-B-28,M1-28,2500
237,M1-C-28,M1-28,5000
238,M1-D-28,M1-28,10000
239,M1-E-28,M1-28,20000
240,M1-29,M1-29,500
241,M1-B-29,M1-29,2500
242,M1-C-29,M1-29,5000
243,M1-D-29,M1-29,10000
244,M1-E-29,M1-29,20000
245,M2-1,M2-1,500
246,M2-B-1,M2-1,2500
247,M2-C-1,M2-1,5000
248,M2-D-1,M2-1,10000
249,M2-E-1,M2-1,20000
250,M2-2,M2-2,500
251,M2-B-2,M2-2,2500
252,M2-C-2,M2-2,5000
253,M2-D-2,M2-2,10000
254,M2-E-2,M2-2,20000
255,M2-3,M2-3,500
256,M2-B-3,M2-3,2500
257,M2-C-3,M2-3,5000
258,M2-D-3,M2-3,10000
259,M2-E-3,M2-3,20000
260,M2-4,M2-4,500
261,M2-B-4,M2-4,2500
262,M2-C-4,M2-4,5000
263,M2-D-4,M2-4,10000
264,M2-E-4,M2-4,20000
265,M2-5,M2-5,500
266,M2-B-5,M2-5,2500
267,M2-C-5,M2-5,5000
268,M2-D-5,M2-5,10000
269,M2-E-5,M2-5,20000
270,M2-6,M2-6,500
271,M2-B-6,M2-6,2500
272,M2-C-6,M2-6,5000
273,M2-D-6,M2-6,10000
274,M2-E-6,M2-6,20000
275,M2-7,M2-7,500
276,M2-B-7,M2-7,2500
277,M2-C-7,M2-7,5000
278,M2-D-7,M2-7,10000
279,M2-E-7,M2-7,20000
280,M2-8,M2-8,500
281,M2-B-8,M2-8,2500
282,M2-C-8,M2-8,5000
283,M2-D-8,M2-8,10000
284,M2-E-8,M2-8,20000
285,M2-9,M2-9,500
286,M2-B-9,M2-9,2500
287,M2-C-9,M2-9,5000
288,M2-D-9,M2-9,10000
289,M2-E-9,M2-9,20000
290,M2-10,M2-10,500
291,M2-B-10,M2-10,2500
292,M2-C-10,M2-10,5000
293,M2-D-10,M2-10,10000
294,M2-E-10,M2-10,20000
295,M2-11,M2-11,500
296,M2-B-11,M2-11,2500
297,M2-C-11,M2-11,5000
298,M2-D-11,M2-11,10000
299,M2-E-11,M2-11,20000
300,M2-12,M2-12,500
301,M2-B-12,M2-12,2500
302,M2-C-12,M2-12,5000
303,M2-D-12,M2-12,10000
304,M2-E-12,M2-12,20000
305,M2-13,M2-13,500
306,M2-B-13,M2-13,2500
307,M2-C-13,M2-13,5000
308,M2-D-13,M2-13,10000
309,M2-E-13,M2-13,20000
310,M2-14,M2-14,500
311,M2-B-14,M2-14,2500
312,M2-C-14,M2-14,5000
313,M2-D-14,M2-14,10000
314,M2-E-14,M2-14,20000
315,M2-15,M2-15,500
316,M2-B-15,M2-15,2500
317,M2-C-15,M2-15,5000
318,M2-D-15,M2-15,10000
319,M2-E-15,M2-15,20000
320,M2-16,M2-16,500
321,M2-B-16,M2-16,2500
322,M2-C-16,M2-16,5000
323,M2-D-16,M2-16,10000
324,M2-E-16,M2-16,20000
325,M2-17,M2-17,500
326,M2-B-17,M2-17,2500
327,M2-C-17,M2-17,5000
328,M2-D-17,M2-17,10000
329,M2-E-17,M2-17,20000
330,M2-18,M2-18,500
331,M2-B-18,M2-18,2500
332,M2-C-18,M2-18,5000
333,M2-D-18,M2-18,10000
334,M2-E-18,M2-18,20000
335,M2-19,M2-19,500
336,M2-B-19,M2-19,2500
337,M2-C-19,M2-19,5000
338,M2-D-19,M2-19,10000
339,M2-E-19,M2-19,20000
340,M2-20,M2-20,500
341,M2-B-20,M2-20,2500
342,M2-C-20,M2-20,5000
343,M2-D-20,M2-20,10000
344,M2-E-20,M2-20,20000
345,M3-1,M3-1,500
346,M3-B-1,M3-1,2500
347,M3-C-1,M3-1,5000
348,M3-D-1,M3-1,10000
349,M3-E-1,M3-1,20000
350,M3-2,M3-2,500
351,M3-B-2,M3-2,2500
352,M3-C-2,M3-2,5000
353,M3-D-2,M3-2,10000
354,M3-E-2,M3-2,20000
355,M3-3,M3-3,500
356,M3-B-3,M3-3,2500
357,M3-C-3,M3-3,5000
358,M3-D-3,M3-3,10000
359,M3-E-3,M3-3,20000
360,M3-4,M3-4,500
361,M3-B-4,M3-4,2500
362,M3-C-4,M3-4,5000
363,M3-D-4,M3-4,10000
364,M3-E-4,M3-4,20000
365,M3-5,M3-5,500
366,M3-B-5,M3-5,2500
367,M3-C-5,M3-5,5000
368,M3-D-5,M3-5,10000
369,M3-E-5,M3-5,20000
370,M3-6,M3-6,500
371,M3-B-6,M3-6,2500
372,M3-C-6,M3-6,5000
373,M3-D-6,M3-6,10000
374,M3-E-6,M3-6,20000
375,M3-7,M3-7,500
376,M3-B-7,M3-7,2500
377,M3-C-7,M3-7,5000
378,M3-D-7,M3-7,10000
379,M3-E-7,M3-7,20000
380,M3-8,M3-8,500
381,M3-B-8,M3-8,2500
382,M3-C-8,M3-8,5000
383,M3-D-8,M3-8,10000
384,M3-E-8,M3-8,20000
385,M3-9,M3-9,500
386,M3-B-9,M3-9,2500
387,M3-C-9,M3-9,5000
388,M3-D-9,M3-9,10000
389,M3-E-9,M3-9,20000
390,M3-10,M3-10,500
391,M3-B-10,M3-10,2500
392,M3-C-10,M3-10,5000
393,M3-D-10,M3-10,10000
394,M3-E-10,M3-10,20000
395,M3-11,M3-11,500
396,M3-B-11,M3-11,2500
397,M3-C-11,M3-11,5000
398,M3-D-11,M3-11,10000
399,M3-E-11,M3-11,20000
400,M3-12,M3-12,500
401,M3-B-12,M3-12,2500
402,M3-C-12,M3-12,5000
403,M3-D-12,M3-12,10000
404,M3-E-12,M3-12,20000
405,M3-13,M3-13,500
406,M3-B-13,M3-13,2500
407,M3-C-13,M3-13,5000
408,M3-D-13,M3-13,10000
409,M3-E-13,M3-13,20000
410,M3-14,M3-14,500
411,M3-B-14,M3-14,2500
412,M3-C-14,M3-14,5000
413,M3-D-14,M3-14,10000
414,M3-E-14,M3-14,20000
415,M3-15,M3-15,500
416,M3-B-15,M3-15,2500
417,M3-C-15,M3-15,5000
418,M3-D-15,M3-15,10000
419,M3-E-15,M3-15,20000
420,M3-16,M3-16,500
421,M3-B-16,M3-16,2500
422,M3-C-16,M3-16,5000
423,M3-D-16,M3-16,10000
424,M3-E-16,M3-16,20000
425,M3-17,M3-17,500
426,M3-B-17,M3-17,2500
427,M3-C-17,M3-17,5000
428,M3-D-17,M3-17,10000
429,M3-E-17,M3-17,20000
430,M3-18,M3-18,500
431,M3-B-18,M3-18,2500
432,M3-C-18,M3-18,5000
433,M3-D-18,M3-18,10000
434,M3-E-18,M3-18,20000
435,M3-19,M3-19,500
436,M3-B-19,M3-19,2500
437,M3-C-19,M3-19,5000
438,M3-D-19,M3-19,10000
439,M3-E-19,M3-19,20000
440,M4-1,M4-1,500
441,M4-B-1,M4-1,2500
442,M4-C-1,M4-1,5000
443,M4-D-1,M4-1,10000
444,M4-E-1,M4-1,20000
445,M4-2,M4-2,500
446,M4-B-2,M4-2,2500
447,M4-C-2,M4-2,5000
448,M4-D-2,M4-2,10000
449,M4-E-2,M4-2,20000
450,M4-3,M4-3,500
451,M4-B-3,M4-3,2500
452,M4-C-3,M4-3,5000
453,M4-D-3,M4-3,10000
454,M4-E-3,M4-3,20000
455,M4-4,M4-4,500
456,M4-B-4,M4-4,2500
457,M4-C-4,M4-4,5000
458,M4-D-4,M4-4,10000
459,M4-E-4,M4-4,20000
460,M4-5,M4-5,500
461,M4-B-5,M4-5,2500
462,M4-C-5,M4-5,5000
463,M4-D-5,M4-5,10000
464,M4-E-5,M4-5,20000
465,M4-6,M4-6,500
466,M4-B-6,M4-6,2500
467,M4-C-6,M4-6,5000
468,M4-D-6,M4-6,10000
469,M4-E-6,M4-6,20000
470,M4-7,M4-7,500
471,M4-B-7,M4-7,2500
472,M4-C-7,M4-7,5000
473,M4-D-7,M4-7,10000
474,M4-E-7,M4-7,20000
475,M4-8,M4-8,500
476,M4-B-8,M4-8,2500
477,M4-C-8,M4-8,5000
478,M4-D-8,M4-8,10000
479,M4-E-8,M4-8,20000
480,M4-9,M4-9,500
481,M4-B-9,M4-9,2500
482,M4-C-9,M4-9,5000
483,M4-D-9,M4-9,10000
484,M4-E-9,M4-9,20000
485,M4-10,M4-10,500
486,M4-B-10,M4-10,2500
487,M4-C-10,M4-10,5000
488,M4-D-10,M4-10,10000
489,M4-E-10,M4-10,20000
490,M4-11,M4-11,500
491,M4-B-11,M4-11,2500
492,M4-C-11,M4-11,5000
493,M4-D-11,M4-11,10000
494,M4-E-11,M4-11,20000
495,M4-12,M4-12,500
496,M4-B-12,M4-12,2500
497,M4-C-12,M4-12,5000
498,M4-D-12,M4-12,10000
499,M4-E-12,M4-12,20000
500,M4-13,M4-13,500
501,M4-B-13,M4-13,2500
502,M4-C-13,M4-13,5000
503,M4-D-13,M4-13,10000
504,M4-E-13,M4-13,20000
505,M4-14,M4-14,500
506,M4-B-14,M4-14,2500
507,M4-C-14,M4-14,5000
508,M4-D-14,M4-14,10000
509,M4-E-14,M4-14,20000
510,M4-15,M4-15,500
511,M4-B-15,M4-15,2500
512,M4-C-15,M4-15,5000
513,M4-D-15,M4-15,10000
514,M4-E-15,M4-15,20000
515,M4-16,M4-16,500
516,M4-B-16,M4-16,2500
517,M4-C-16,M4-16,5000
518,M4-D-16,M4-16,10000
519,M4-E-16,M4-16,20000
520,M4-17,M4-17,500
521,M4-B-17,M4-17,2500
522,M4-C-17,M4-17,5000
523,M4-D-17,M4-17,10000
524,M4-E-17,M4-17,20000
525,M4-18,M4-18,500
526,M4-B-18,M4-18,2500
527,M4-C-18,M4-18,5000
528,M4-D-18,M4-18,10000
529,M4-E-18,M4-18,20000
530,M4-19,M4-19,500
531,M4-B-19,M4-19,2500
532,M4-C-19,M4-19,5000
533,M4-D-19,M4-19,10000
534,M4-E-19,M4-19,20000
535,M4-20,M4-20,500
536,M4-B-20,M4-20,2500
537,M4-C-20,M4-20,5000
538,M4-D-20,M4-20,10000
539,M4-E-20,M4-20,20000
540,M4-21,M4-21,500
541,M4-B-21,M4-21,2500
542,M4-C-21,M4-21,5000
543,M4-D-21,M4-21,10000
544,M4-E-21,M4-21,20000
545,M4-22,M4-22,500
546,M4-B-22,M4-22,2500
547,M4-C-22,M4-22,5000
548,M4-D-22,M4-22,10000
549,M4-E-22,M4-22,20000
550,M4-23,M4-23,500
551,M4-B-23,M4-23,2500
552,M4-C-23,M4-23,5000
553,M4-D-23,M4-23,10000
554,M4-E-23,M4-23,20000
555,M4-24,M4-24,500
556,M4-B-24,M4-24,2500
557,M4-C-24,M4-24,5000
558,M4-D-24,M4-24,10000
559,M4-E-24,M4-24,20000
560,M4-25,M4-25,500
561,M4-B-25,M4-25,2500
562,M4-C-25,M4-25,5000
563,M4-D-25,M4-25,10000
564,M4-E-25,M4-25,20000
565,M4-26,M4-26,500
566,M4-B-26,M4-26,2500
567,M4-C-26,M4-26,5000
568,M4-D-26,M4-26,10000
569,M4-E-26,M4-26,20000
570,M4-27,M4-27,500
571,M4-B-27,M4-27,2500
572,M4-C-27,M4-27,5000
573,M4-D-27,M4-27,10000
574,M4-E-27,M4-27,20000
575,M4-28,M4-28,500
576,M4-B-28,M4-28,2500
577,M4-C-28,M4-28,5000
578,M4-D-28,M4-28,10000
579,M4-E-28,M4-28,20000
580,M4-29,M4-29,500
581,M4-B-29,M4-29,2500
582,M4-C-29,M4-29,5000
583,M4-D-29,M4-29,10000
584,M4-E-29,M4-29,20000
585,M4-30,M4-30,500
586,M4-B-30,M4-30,2500
587,M4-C-30,M4-30,5000
588,M4-D-30,M4-30,10000
589,M4-E-30,M4-30,20000
590,M4-31,M4-31,500
591,M4-B-31,M4-31,2500
592,M4-C-31,M4-31,5000
593,M4-D-31,M4-31,10000
594,M4-E-31,M4-31,20000
595,M4-32,M4-32,500
596,M4-B-32,M4-32,2500
597,M4-C-32,M4-32,5000
598,M4-D-32,M4-32,10000
599,M4-E-32,M4-32,20000
600,M4-33,M4-33,500
601,M4-B-33,M4-33,2500
602,M4-C-33,M4-33,5000
603,M4-D-33,M4-33,10000
604,M4-E-33,M4-33,20000
605,M4-34,M4-34,500
606,M4-B-34,M4-34,2500
607,M4-C-34,M4-34,5000
608,M4-D-34,M4-34,10000
609,M4-E-34,M4-34,20000
610,M4-35,M4-35,500
611,M4-B-35,M4-35,2500
612,M4-C-35,M4-35,5000
613,M4-D-35,M4-35,10000
614,M4-E-35,M4-35,20000
615,M4-36,M4-36,500
616,M4-B-36,M4-36,2500
617,M4-C-36,M4-36,5000
618,M4-D-36,M4-36,10000
619,M4-E-36,M4-36,20000
620,M4-37,M4-37,500
621,M4-B-37,M4-37,2500
622,M4-C-37,M4-37,5000
623,M4-D-37,M4-37,10000
624,M4-E-37,M4-37,20000
625,M4-38,M4-38,500
626,M4-B-38,M4-38,2500
627,M4-C-38,M4-38,5000
628,M4-D-38,M4-38,10000
629,M4-E-38,M4-38,20000
630,M4-39,M4-39,500
631,M4-B-39,M4-39,2500
632,M4-C-39,M4-39,5000
633,M4-D-39,M4-39,10000
634,M4-E-39,M4-39,20000
635,M4-40,M4-40,500
636,M4-B-40,M4-40,2500
637,M4-C-40,M4-40,5000
638,M4-D-40,M4-40,10000
639,M4-E-40,M4-40,20000
640,M4-41,M4-41,500
641,M4-B-41,M4-41,2500
642,M4-C-41,M4-41,5000
643,M4-D-41,M4-41,10000
644,M4-E-41,M4-41,20000
645,M4-42,M4-42,500
646,M4-B-42,M4-42,2500
647,M4-C-42,M4-42,5000
648,M4-D-42,M4-42,10000
649,M4-E-42,M4-42,20000
650,M4-43,M4-43,500
651,M4-B-43,M4-43,2500
652,M4-C-43,M4-43,5000
653,M4-D-43,M4-43,10000
654,M4-E-43,M4-43,20000
655,M4-44,M4-44,500
656,M4-B-44,M4-44,2500
657,M4-C-44,M4-44,5000
658,M4-D-44,M4-44,10000
659,M4-E-44,M4-44,20000
660,M5-1,M5-1,500
661,M5-B-1,M5-1,2500
662,M5-C-1,M5-1,5000
663,M5-D-1,M5-1,10000
664,M5-E-1,M5-1,20000
665,M5-2,M5-2,500
666,M5-B-2,M5-2,2500
667,M5-C-2,M5-2,5000
668,M5-D-2,M5-2,10000
669,M5-E-2,M5-2,20000
670,M5-3,M5-3,500
671,M5-B-3,M5-3,2500
672,M5-C-3,M5-3,5000
673,M5-D-3,M5-3,10000
674,M5-E-3,M5-3,20000
675,M5-4,M5-4,500
676,M5-B-4,M5-4,2500
677,M5-C-4,M5-4,5000
678,M5-D-4,M5-4,10000
679,M5-E-4,M5-4,20000
680,M5-5,M5-5,500
681,M5-B-5,M5-5,2500
682,M5-C-5,M5-5,5000
683,M5-D-5,M5-5,10000
684,M5-E-5,M5-5,20000
685,M5-6,M5-6,500
686,M5-B-6,M5-6,2500
687,M5-C-6,M5-6,5000
688,M5-D-6,M5-6,10000
689,M5-E-6,M5-6,20000
690,M5-7,M5-7,500
691,M5-B-7,M5-7,2500
692,M5-C-7,M5-7,5000
693,M5-D-7,M5-7,10000
694,M5-E-7,M5-7,20000
695,M5-8,M5-8,500
696,M5-B-8,M5-8,2500
697,M5-C-8,M5-8,5000
698,M5-D-8,M5-8,10000
699,M5-E-8,M5-8,20000
700,M5-9,M5-9,500
701,M5-B-9,M5-9,2500
702,M5-C-9,M5-9,5000
703,M5-D-9,M5-9,10000
704,M5-E-9,M5-9,20000
705,M5-10,M5-10,500
706,M5-B-10,M5-10,2500
707,M5-C-10,M5-10,5000
708,M5-D-10,M5-10,10000
709,M5-E-10,M5-10,20000
710,M5-11,M5-11,500
711,M5-B-11,M5-11,2500
712,M5-C-11,M5-11,5000
713,M5-D-11,M5-11,10000
714,M5-E-11,M5-11,20000
715,M5-12,M5-12,500
716,M5-B-12,M5-12,2500
717,M5-C-12,M5-12,5000
718,M5-D-12,M5-12,10000
719,M5-E-12,M5-12,20000
720,M5-13,M5-13,500
721,M5-B-13,M5-13,2500
722,M5-C-13,M5-13,5000
723,M5-D-13,M5-13,10000
724,M5-E-13,M5-13,20000
725,M5-14,M5-14,500
726,M5-B-14,M5-14,2500
727,M5-C-14,M5-14,5000
728,M5-D-14,M5-14,10000
729,M5-E-14,M5-14,20000
730,M5-15,M5-15,500
731,M5-B-15,M5-15,2500
732,M5-C-15,M5-15,5000
733,M5-D-15,M5-15,10000
734,M5-E-15,M5-15,20000
735,M5-16,M5-16,500
736,M5-B-16,M5-16,2500
737,M5-C-16,M5-16,5000
738,M5-D-16,M5-16,10000
739,M5-E-16,M5-16,20000
740,M5-17,M5-17,500
741,M5-B-17,M5-17,2500
742,M5-C-17,M5-17,5000
743,M5-D-17,M5-17,10000
744,M5-E-17,M5-17,20000
745,M5-18,M5-18,500
746,M5-B-18,M5-18,2500
747,M5-C-18,M5-18,5000
748,M5-D-18,M5-18,10000
749,M5-E-18,M5-18,20000
750,M5-19,M5-19,500
751,M5-B-19,M5-19,2500
752,M5-C-19,M5-19,5000
753,M5-D-19,M5-19,10000
754,M5-E-19,M5-19,20000
755,M5-20,M5-20,500
756,M5-B-20,M5-20,2500
757,M5-C-20,M5-20,5000
758,M5-D-20,M5-20,10000
759,M5-E-20,M5-20,20000
760,M5-21,M5-21,500
761,M5-B-21,M5-21,2500
762,M5-C-21,M5-21,5000
763,M5-D-21,M5-21,10000
764,M5-E-21,M5-21,20000
765,M5-22,M5-22,500
766,M5-B-22,M5-22,2500
767,M5-C-22,M5-22,5000
768,M5-D-22,M5-22,10000
769,M5-E-22,M5-22,20000
770,M5-23,M5-23,500
771,M5-B-23,M5-23,2500
772,M5-C-23,M5-23,5000
773,M5-D-23,M5-23,10000
774,M5-E-23,M5-23,20000
775,M5-24,M5-24,500
776,M5-B-24,M5-24,2500
777,M5-C-24,M5-24,5000
778,M5-D-24,M5-24,10000
779,M5-E-24,M5-24,20000
780,M5-25,M5-25,500
781,M5-B-25,M5-25,2500
782,M5-C-25,M5-25,5000
783,M5-D-25,M5-25,10000
784,M5-E-25,M5-25,20000
785,M5-26,M5-26,500
786,M5-B-26,M5-26,2500
787,M5-C-26,M5-26,5000
788,M5-D-26,M5-26,10000
789,M5-E-26,M5-26,20000
790,M5-27,M5-27,500
791,M5-B-27,M5-27,2500
792,M5-C-27,M5-27,5000
793,M5-D-27,M5-27,10000
794,M5-E-27,M5-27,20000
795,M5-28,M5-28,500
796,M5-B-28,M5-28,2500
797,M5-C-28,M5-28,5000
798,M5-D-28,M5-28,10000
799,M5-E-28,M5-28,20000
800,M5-29,M5-29,500
801,M5-B-29,M5-29,2500
802,M5-C-29,M5-29,5000
803,M5-D-29,M5-29,10000
804,M5-E-29,M5-29,20000
805,M5-30,M5-30,500
806,M5-B-30,M5-30,2500
807,M5-C-30,M5-30,5000
808,M5-D-30,M5-30,10000
809,M5-E-30,M5-30,20000
810,M5-31,M5-31,500
811,M5-B-31,M5-31,2500
812,M5-C-31,M5-31,5000
813,M5-D-31,M5-31,10000
814,M5-E-31,M5-31,20000
815,M5-32,M5-32,500
816,M5-B-32,M5-32,2500
817,M5-C-32,M5-32,5000
818,M5-D-32,M5-32,10000
819,M5-E-32,M5-32,20000
820,M5-33,M5-33,500
821,M5-B-33,M5-33,2500
822,M5-C-33,M5-33,5000
823,M5-D-33,M5-33,10000
824,M5-E-33,M5-33,20000
825,M5-34,M5-34,500
826,M5-B-34,M5-34,2500
827,M5-C-34,M5-34,5000
828,M5-D-34,M5-34,10000
829,M5-E-34,M5-34,20000
830,M5-35,M5-35,500
831,M5-B-35,M5-35,2500
832,M5-C-35,M5-35,5000
833,M5-D-35,M5-35,10000
834,M5-E-35,M5-35,20000
835,M5-36,M5-36,500
836,M5-B-36,M5-36,2500
837,M5-C-36,M5-36,5000
838,M5-D-36,M5-36,10000
839,M5-E-36,M5-36,20000
840,M5-37,M5-37,500
841,M5-B-37,M5-37,2500
842,M5-C-37,M5-37,5000
843,M5-D-37,M5-37,10000
844,M5-E-37,M5-37,20000
845,M5-38,M5-38,500
846,M5-B-38,M5-38,2500
847,M5-C-38,M5-38,5000
848,M5-D-38,M5-38,10000
849,M5-E-38,M5-38,20000
850,M6-1,M6-1,500
851,M6-B-1,M6-1,2500
852,M6-C-1,M6-1,5000
853,M6-D-1,M6-1,10000
854,M6-E-1,M6-1,20000
855,M6-2,M6-2,500
856,M6-B-2,M6-2,2500
857,M6-C-2,M6-2,5000
858,M6-D-2,M6-2,10000
859,M6-E-2,M6-2,20000
860,M7-1,M7-1,500
861,M7-B-1,M7-1,2500
862,M7-C-1,M7-1,5000
863,M7-D-1,M7-1,10000
864,M7-E-1,M7-1,20000
865,M7-2,M7-2,500
866,M7-B-2,M7-2,2500
867,M7-C-2,M7-2,5000
868,M7-D-2,M7-2,10000
869,M7-E-2,M7-2,20000
870,M7-3,M7-3,500
871,M7-B-3,M7-3,2500
872,M7-C-3,M7-3,5000
873,M7-D-3,M7-3,10000
874,M7-E-3,M7-3,20000
875,M7-4,M7-4,500
876,M7-B-4,M7-4,2500
877,M7-C-4,M7-4,5000
878,M7-D-4,M7-4,10000
879,M7-E-4,M7-4,20000
880,M9-1,M9-1,500
881,M9-B-1,M9-1,2500
882,M9-C-1,M9-1,5000
883,M9-D-1,M9-1,10000
884,M9-E-1,M9-1,20000
885,M9-2,M9-2,500
886,M9-B-2,M9-2,2500
887,M9-C-2,M9-2,5000
888,M9-D-2,M9-2,10000
889,M9-E-2,M9-2,20000
890,M9-3,M9-3,500
891,M9-B-3,M9-3,2500
892,M9-C-3,M9-3,5000
893,M9-D-3,M9-3,10000
894,M9-E-3,M9-3,20000
895,M9-4,M9-4,500
896,M9-B-4,M9-4,2500
897,M9-C-4,M9-4,5000
898,M9-D-4,M9-4,10000
899,M9-E-4,M9-4,20000
900,M9-5,M9-5,500
901,M9-B-5,M9-5,2500
902,M9-C-5,M9-5,5000
903,M9-D-5,M9-5,10000
904,M9-E-5,M9-5,20000
905,M9-6,M9-6,500
906,M9-B-6,M9-6,2500
907,M9-C-6,M9-6,5000
908,M9-D-6,M9-6,10000
909,M9-E-6,M9-6,20000
910,M9-7,M9-7,500
911,M9-B-7,M9-7,2500
912,M9-C-7,M9-7,5000
913,M9-D-7,M9-7,10000
914,M9-E-7,M9-7,20000
915,M9-8,M9-8,500
916,M9-B-8,M9-8,2500
917,M9-C-8,M9-8,5000
918,M9-D-8,M9-8,10000
919,M9-E-8,M9-8,20000
920,M9-9,M9-9,500
921,M9-B-9,M9-9,2500
922,M9-C-9,M9-9,5000
923,M9-D-9,M9-9,10000
924,M9-E-9,M9-9,20000
925,M10-1,M10-1,500
926,M10-B-1,M10-1,2500
927,M10-C-1,M10-1,5000
928,M10-D-1,M10-1,10000
929,M10-E-1,M10-1,20000
930,M10-2,M10-2,500
931,M10-B-2,M10-2,2500
932,M10-C-2,M10-2,5000
933,M10-D-2,M10-2,10000
934,M10-E-2,M10-2,20000
935,M10-3,M10-3,500
936,M10-B-3,M10-3,2500
937,M10-C-3,M10-3,5000
938,M10-D-3,M10-3,10000
939,M10-E-3,M10-3,20000
940,M10-4,M10-4,500
941,M10-B-4,M10-4,2500
942,M10-C-4,M10-4,5000
943,M10-D-4,M10-4,10000
944,M10-E-4,M10-4,20000
945,M10-5,M10-5,500
946,M10-B-5,M10-5,2500
947,M10-C-5,M10-5,5000
948,M10-D-5,M10-5,10000
949,M10-E-5,M10-5,20000
950,M11-1,M11-1,500
951,M11-B-1,M11-1,2500
952,M11-C-1,M11-1,5000
953,M11-D-1,M11-1,10000
954,M11-E-1,M11-1,20000
955,M11-2,M11-2,500
956,M11-B-2,M11-2,2500
957,M11-C-2,M11-2,5000
958,M11-D-2,M11-2,10000
959,M11-E-2,M11-2,20000
960,M11-3,M11-3,500
961,M11-B-3,M11-3,2500
962,M11-C-3,M11-3,5000
963,M11-D-3,M11-3,10000
964,M11-E-3,M11-3,20000
965,M11-4,M11-4,500
966,M11-B-4,M11-4,2500
967,M11-C-4,M11-4,5000
968,M11-D-4,M11-4,10000
969,M11-E-4,M11-4,20000
970,M11-5,M11-5,500
971,M11-B-5,M11-5,2500
972,M11-C-5,M11-5,5000
973,M11-D-5,M11-5,10000
974,M11-E-5,M11-5,20000
975,M11-6,M11-6,500
976,M11-B-6,M11-6,2500
977,M11-C-6,M11-6,5000
978,M11-D-6,M11-6,10000
979,M11-E-6,M11-6,20000
980,M11-7,M11-7,500
981,M11-B-7,M11-7,2500
982,M11-C-7,M11-7,5000
983,M11-D-7,M11-7,10000
984,M11-E-7,M11-7,20000
985,M12-1,M12-1,500
986,M12-B-1,M12-1,2500
987,M12-C-1,M12-1,5000
988,M12-D-1,M12-1,10000
989,M12-E-1,M12-1,20000
990,M12-2,M12-2,500
991,M12-B-2,M12-2,2500
992,M12-C-2,M12-2,5000
993,M12-D-2,M12-2,10000
994,M12-E-2,M12-2,20000
995,M12-3,M12-3,500
996,M12-B-3,M12-3,2500
997,M12-C-3,M12-3,5000
998,M12-D-3,M12-3,10000
999,M12-E-3,M12-3,20000
1000,M12-4,M12-4,500
1001,M12-B-4,M12-4,2500
1002,M12-C-4,M12-4,5000
1003,M12-D-4,M12-4,10000
1004,M12-E-4,M12-4,20000
1005,M12-5,M12-5,500
1006,M12-B-5,M12-5,2500
1007,M12-C-5,M12-5,5000
1008,M12-D-5,M12-5,10000
1009,M12-E-5,M12-5,20000
1010,M12-6,M12-6,500
1011,M12-B-6,M12-6,2500
1012,M12-C-6,M12-6,5000
1013,M12-D-6,M12-6,10000
1014,M12-E-6,M12-6,20000
1015,M12-7,M12-7,500
1016,M12-B-7,M12-7,2500
1017,M12-C-7,M12-7,5000
1018,M12-D-7,M12-7,10000
1019,M12-E-7,M12-7,20000
1020,M13-1,M13-1,500
1021,M13-B-1,M13-1,2500
1022,M13-C-1,M13-1,5000
1023,M13-D-1,M13-1,10000
1024,M13-E-1,M13-1,20000
1025,M13-2,M13-2,500
1026,M13-B-2,M13-2,2500
1027,M13-C-2,M13-2,5000
1028,M13-D-2,M13-2,10000
1029,M13-E-2,M13-2,20000
1030,M13-3,M13-3,500
1031,M13-B-3,M13-3,2500
1032,M13-C-3,M13-3,5000
1033,M13-D-3,M13-3,10000
1034,M13-E-3,M13-3,20000
1035,M13-4,M13-4,500
1036,M13-B-4,M13-4,2500
1037,M13-C-4,M13-4,5000
1038,M13-D-4,M13-4,10000
1039,M13-E-4,M13-4,20000
1040,M14-1,M14-1,500
1041,M14-B-1,M14-1,2500
1042,M14-C-1,M14-1,5000
1043,M14-D-1,M14-1,10000
1044,M14-E-1,M14-1,20000
1045,M14-2,M14-2,500
1046,M14-B-2,M14-2,2500
1047,M14-C-2,M14-2,5000
1048,M14-D-2,M14-2,10000
1049,M14-E-2,M14-2,20000
1050,M14-3,M14-3,500
1051,M14-B-3,M14-3,2500
1052,M14-C-3,M14-3,5000
1053,M14-D-3,M14-3,10000
1054,M14-E-3,M14-3,20000
1055,M15-1,M15-1,500
1056,M15-B-1,M15-1,2500
1057,M15-C-1,M15-1,5000
1058,M15-D-1,M15-1,10000
1059,M15-E-1,M15-1,20000
1060,M15-2,M15-2,500
1061,M15-B-2,M15-2,2500
1062,M15-C-2,M15-2,5000
1063,M15-D-2,M15-2,10000
1064,M15-E-2,M15-2,20000
1065,M15-3,M15-3,500
1066,M15-B-3,M15-3,2500
1067,M15-C-3,M15-3,5000
1068,M15-D-3,M15-3,10000
1069,M15-E-3,M15-3,20000
1070,M15-4,M15-4,500
1071,M15-B-4,M15-4,2500
1072,M15-C-4,M15-4,5000
1073,M15-D-4,M15-4,10000
1074,M15-E-4,M15-4,20000
1075,L1-1,L1-1,500
1076,L1-B-1,L1-1,2500
1077,L1-C-1,L1-1,5000
1078,L1-D-1,L1-1,10000
1079,L1-E-1,L1-1,20000
1080,L1-2,L1-2,500
1081,L1-B-2,L1-2,2500
1082,L1-C-2,L1-2,5000
1083,L1-D-2,L1-2,10000
1084,L1-E-2,L1-2,20000
1085,L1-3,L1-3,500
1086,L1-B-3,L1-3,2500
1087,L1-C-3,L1-3,5000
1088,L1-D-3,L1-3,10000
1089,L1-E-3,L1-3,20000
1090,L1-4,L1-4,500
1091,L1-B-4,L1-4,2500
1092,L1-C-4,L1-4,5000
1093,L1-D-4,L1-4,10000
1094,L1-E-4,L1-4,20000
1095,L1-5,L1-5,500
1096,L1-B-5,L1-5,2500
1097,L1-C-5,L1-5,5000
1098,L1-D-5,L1-5,10000
1099,L1-E-5,L1-5,20000
1100,L1-6,L1-6,500
1101,L1-B-6,L1-6,2500
1102,L1-C-6,L1-6,5000
1103,L1-D-6,L1-6,10000
1104,L1-E-6,L1-6,20000
1105,L1-7,L1-7,500
1106,L1-B-7,L1-7,2500
1107,L1-C-7,L1-7,5000
1108,L1-D-7,L1-7,10000
1109,L1-E-7,L1-7,20000
1110,L2-1,L2-1,500
1111,L2-B-1,L2-1,2500
1112,L2-C-1,L2-1,5000
1113,L2-D-1,L2-1,10000
1114,L2-E-1,L2-1,20000
1115,L2-2,L2-2,500
1116,L2-B-2,L2-2,2500
1117,L2-C-2,L2-2,5000
1118,L2-D-2,L2-2,10000
1119,L2-E-2,L2-2,20000
1120,L2-3,L2-3,500
1121,L2-B-3,L2-3,2500
1122,L2-C-3,L2-3,5000
1123,L2-D-3,L2-3,10000
1124,L2-E-3,L2-3,20000
1125,L2-4,L2-4,500
1126,L2-B-4,L2-4,2500
1127,L2-C-4,L2-4,5000
1128,L2-D-4,L2-4,10000
1129,L2-E-4,L2-4,20000
1130,L2-5,L2-5,500
1131,L2-B-5,L2-5,2500
1132,L2-C-5,L2-5,5000
1133,L2-D-5,L2-5,10000
1134,L2-E-5,L2-5,20000
1135,L2-6,L2-6,500
1136,L2-B-6,L2-6,2500
1137,L2-C-6,L2-6,5000
1138,L2-D-6,L2-6,10000
1139,L2-E-6,L2-6,20000
1140,L2-7,L2-7,500
1141,L2-B-7,L2-7,2500
1142,L2-C-7,L2-7,5000
1143,L2-D-7,L2-7,10000
1144,L2-E-7,L2-7,20000
1145,L2-8,L2-8,500
1146,L2-B-8,L2-8,2500
1147,L2-C-8,L2-8,5000
1148,L2-D-8,L2-8,10000
1149,L2-E-8,L2-8,20000
1150,L2-9,L2-9,500
1151,L2-B-9,L2-9,2500
1152,L2-C-9,L2-9,5000
1153,L2-D-9,L2-9,10000
1154,L2-E-9,L2-9,20000
1155,L2-10,L2-10,500
1156,L2-B-10,L2-10,2500
1157,L2-C-10,L2-10,5000
1158,L2-D-10,L2-10,10000
1159,L2-E-10,L2-10,20000
1160,L2-11,L2-11,500
1161,L2-B-11,L2-11,2500
1162,L2-C-11,L2-11,5000
1163,L2-D-11,L2-11,10000
1164,L2-E-11,L2-11,20000
1165,L2-12,L2-12,500
1166,L2-B-12,L2-12,2500
1167,L2-C-12,L2-12,5000
1168,L2-D-12,L2-12,10000
1169,L2-E-12,L2-12,20000
1170,L2-13,L2-13,500
1171,L2-B-13,L2-13,2500
1172,L2-C-13,L2-13,5000
1173,L2-D-13,L2-13,10000
1174,L2-E-13,L2-13,20000
1175,L2-14,L2-14,500
1176,L2-B-14,L2-14,2500
1177,L2-C-14,L2-14,5000
1178,L2-D-14,L2-14,10000
1179,L2-E-14,L2-14,20000
1180,L2-15,L2-15,500
1181,L2-B-15,L2-15,2500
1182,L2-C-15,L2-15,5000
1183,L2-D-15,L2-15,10000
1184,L2-E-15,L2-15,20000
1185,L2-16,L2-16,500
1186,L2-B-16,L2-16,2500
1187,L2-C-16,L2-16,5000
1188,L2-D-16,L2-16,10000
1189,L2-E-16,L2-16,20000
1190,L2-17,L2-17,500
1191,L2-B-17,L2-17,2500
1192,L2-C-17,L2-17,5000
1193,L2-D-17,L2-17,10000
1194,L2-E-17,L2-17,20000
1195,L2-18,L2-18,500
1196,L2-B-18,L2-18,2500
1197,L2-C-18,L2-18,5000
1198,L2-D-18,L2-18,10000
1199,L2-E-18,L2-18,20000
1200,L2-19,L2-19,500
1201,L2-B-19,L2-19,2500
1202,L2-C-19,L2-19,5000
1203,L2-D-19,L2-19,10000
1204,L2-E-19,L2-19,20000
1205,L3-1,L3-1,500
1206,L3-B-1,L3-1,2500
1207,L3-C-1,L3-1,5000
1208,L3-D-1,L3-1,10000
1209,L3-E-1,L3-1,20000
1210,L3-2,L3-2,500
1211,L3-B-2,L3-2,2500
1212,L3-C-2,L3-2,5000
1213,L3-D-2,L3-2,10000
1214,L3-E-2,L3-2,20000
1215,L4-1,L4-1,500
1216,L4-B-1,L4-1,2500
1217,L4-C-1,L4-1,5000
1218,L4-D-1,L4-1,10000
1219,L4-E-1,L4-1,20000
1220,L4-2,L4-2,500
1221,L4-B-2,L4-2,2500
1222,L4-C-2,L4-2,5000
1223,L4-D-2,L4-2,10000
1224,L4-E-2,L4-2,20000
1225,L4-3,L4-3,500
1226,L4-B-3,L4-3,2500
1227,L4-C-3,L4-3,5000
1228,L4-D-3,L4-3,10000
1229,L4-E-3,L4-3,20000
1230,L5-1,L5-1,500
1231,L5-B-1,L5-1,2500
1232,L5-C-1,L5-1,5000
1233,L5-D-1,L5-1,10000
1234,L5-E-1,L5-1,20000
1235,L5-2,L5-2,500
1236,L5-B-2,L5-2,2500
1237,L5-C-2,L5-2,5000
1238,L5-D-2,L5-2,10000
1239,L5-E-2,L5-2,20000
1240,L5-3,L5-3,500
1241,L5-B-3,L5-3,2500
1242,L5-C-3,L5-3,5000
1243,L5-D-3,L5-3,10000
1244,L5-E-3,L5-3,20000
1245,L5-4,L5-4,500
1246,L5-B-4,L5-4,2500
1247,L5-C-4,L5-4,5000
1248,L5-D-4,L5-4,10000
1249,L5-E-4,L5-4,20000
1250,L6-1,L6-1,500
1251,L6-B-1,L6-1,2500
1252,L6-C-1,L6-1,5000
1253,L6-D-1,L6-1,10000
1254,L6-E-1,L6-1,20000
1255,L6-2,L6-2,500
1256,L6-B-2,L6-2,2500
1257,L6-C-2,L6-2,5000
1258,L6-D-2,L6-2,10000
1259,L6-E-2,L6-2,20000
1260,L7-1,L7-1,500
1261,L7-B-1,L7-1,2500
1262,L7-C-1,L7-1,5000
1263,L7-D-1,L7-1,10000
1264,L7-E-1,L7-1,20000
1265,L7-2,L7-2,500
1266,L7-B-2,L7-2,2500
1267,L7-C-2,L7-2,5000
1268,L7-D-2,L7-2,10000
1269,L7-E-2,L7-2,20000
1270,L7-3,L7-3,500
1271,L7-B-3,L7-3,2500
1272,L7-C-3,L7-3,5000
1273,L7-D-3,L7-3,10000
1274,L7-E-3,L7-3,20000
1275,L8-1,L8-1,500
1276,L8-B-1,L8-1,2500
1277,L8-C-1,L8-1,5000
1278,L8-D-1,L8-1,10000
1279,L8-E-1,L8-1,20000
1280,L8-2,L8-2,500
1281,L8-B-2,L8-2,2500
1282,L8-C-2,L8-2,5000
1283,L8-D-2,L8-2,10000
1284,L8-E-2,L8-2,20000
1285,L8-3,L8-3,500
1286,L8-B-3,L8-3,2500
1287,L8-C-3,L8-3,5000
1288,L8-D-3,L8-3,10000
1289,L8-E-3,L8-3,20000
1290,L8-4,L8-4,500
1291,L8-B-4,L8-4,2500
1292,L8-C-4,L8-4,5000
1293,L8-D-4,L8-4,10000
1294,L8-E-4,L8-4,20000
1295,L8-5,L8-5,500
1296,L8-B-5,L8-5,2500
1297,L8-C-5,L8-5,5000
1298,L8-D-5,L8-5,10000
1299,L8-E-5,L8-5,20000
1300,L8-6,L8-6,500
1301,L8-B-6,L8-6,2500
1302,L8-C-6,L8-6,5000
1303,L8-D-6,L8-6,10000
1304,L8-E-6,L8-6,20000
1305,L8-7,L8-7,500
1306,L8-B-7,L8-7,2500
1307,L8-C-7,L8-7,5000
1308,L8-D-7,L8-7,10000
1309,L8-E-7,L8-7,20000
1310,L8-8,L8-8,500
1311,L8-B-8,L8-8,2500
1312,L8-C-8,L8-8,5000
1313,L8-D-8,L8-8,10000
1314,L8-E-8,L8-8,20000
1315,T1-1,T1-1,500
1316,T1-B-1,T1-1,2500
1317,T1-C-1,T1-1,5000
1318,T1-D-1,T1-1,10000
1319,T1-E-1,T1-1,20000
1320,T1-2,T1-2,500
1321,T1-B-2,T1-2,2500
1322,T1-C-2,T1-2,5000
1323,T1-D-2,T1-2,10000
1324,T1-E-2,T1-2,20000
1325,T1-3,T1-3,500
1326,T1-B-3,T1-3,2500
1327,T1-C-3,T1-3,5000
1328,T1-D-3,T1-3,10000
1329,T1-E-3,T1-3,20000
1330,T1-4,T1-4,500
1331,T1-B-4,T1-4,2500
1332,T1-C-4,T1-4,5000
1333,T1-D-4,T1-4,10000
1334,T1-E-4,T1-4,20000
1335,T1-5,T1-5,500
1336,T1-B-5,T1-5,2500
1337,T1-C-5,T1-5,5000
1338,T1-D-5,T1-5,10000
1339,T1-E-5,T1-5,20000
1340,T1-6,T1-6,500
1341,T1-B-6,T1-6,2500
1342,T1-C-6,T1-6,5000
1343,T1-D-6,T1-6,10000
1344,T1-E-6,T1-6,20000
1345,T1-7,T1-7,500
1346,T1-B-7,T1-7,2500
1347,T1-C-7,T1-7,5000
1348,T1-D-7,T1-7,10000
1349,T1-E-7,T1-7,20000
1350,T1-8,T1-8,500
1351,T1-B-8,T1-8,2500
1352,T1-C-8,T1-8,5000
1353,T1-D-8,T1-8,10000
1354,T1-E-8,T1-8,20000
1355,T1-9,T1-9,500
1356,T1-B-9,T1-9,2500
1357,T1-C-9,T1-9,5000
1358,T1-D-9,T1-9,10000
1359,T1-E-9,T1-9,20000
1360,T1-10,T1-10,500
1361,T1-B-10,T1-10,2500
1362,T1-C-10,T1-10,5000
1363,T1-D-10,T1-10,10000
1364,T1-E-10,T1-10,20000
1365,T1-11,T1-11,500
1366,T1-B-11,T1-11,2500
1367,T1-C-11,T1-11,5000
1368,T1-D-11,T1-11,10000
1369,T1-E-11,T1-11,20000
1370,T1-12,T1-12,500
1371,T1-B-12,T1-12,2500
1372,T1-C-12,T1-12,5000
1373,T1-D-12,T1-12,10000
1374,T1-E-12,T1-12,20000
1375,T1-13,T1-13,500
1376,T1-B-13,T1-13,2500
1377,T1-C-13,T1-13,5000
1378,T1-D-13,T1-13,10000
1379,T1-E-13,T1-13,20000
1380,T1-14,T1-14,500
1381,T1-B-14,T1-14,2500
1382,T1-C-14,T1-14,5000
1383,T1-D-14,T1-14,10000
1384,T1-E-14,T1-14,20000
1385,T1-15,T1-15,500
1386,T1-B-15,T1-15,2500
1387,T1-C-15,T1-15,5000
1388,T1-D-15,T1-15,10000
1389,T1-E-15,T1-15,20000
1390,T1-16,T1-16,500
1391,T1-B-16,T1-16,2500
1392,T1-C-16,T1-16,5000
1393,T1-D-16,T1-16,10000
1394,T1-E-16,T1-16,20000
1395,T1-17,T1-17,500
1396,T1-B-17,T1-17,2500
1397,T1-C-17,T1-17,5000
1398,T1-D-17,T1-17,10000
1399,T1-E-17,T1-17,20000
1400,T1-18,T1-18,500
1401,T1-B-18,T1-18,2500
1402,T1-C-18,T1-18,5000
1403,T1-D-18,T1-18,10000
1404,T1-E-18,T1-18,20000
1405,T1-19,T1-19,500
1406,T1-B-19,T1-19,2500
1407,T1-C-19,T1-19,5000
1408,T1-D-19,T1-19,10000
1409,T1-E-19,T1-19,20000
1410,T1-20,T1-20,500
1411,T1-B-20,T1-20,2500
1412,T1-C-20,T1-20,5000
1413,T1-D-20,T1-20,10000
1414,T1-E-20,T1-20,20000
1415,T1-21,T1-21,500
1416,T1-B-21,T1-21,2500
1417,T1-C-21,T1-21,5000
1418,T1-D-21,T1-21,10000
1419,T1-E-21,T1-21,20000
1420,T1-22,T1-22,500
1421,T1-B-22,T1-22,2500
1422,T1-C-22,T1-22,5000
1423,T1-D-22,T1-22,10000
1424,T1-E-22,T1-22,20000
1425,T1-23,T1-23,500
1426,T1-B-23,T1-23,2500
1427,T1-C-23,T1-23,5000
1428,T1-D-23,T1-23,10000
1429,T1-E-23,T1-23,20000
1430,T1-24,T1-24,500
1431,T1-B-24,T1-24,2500
1432,T1-C-24,T1-24,5000
1433,T1-D-24,T1-24,10000
1434,T1-E-24,T1-24,20000
1435,T1-25,T1-25,500
1436,T1-B-25,T1-25,2500
1437,T1-C-25,T1-25,5000
1438,T1-D-25,T1-25,10000
1439,T1-E-25,T1-25,20000
1440,T1-26,T1-26,500
1441,T1-B-26,T1-26,2500
1442,T1-C-26,T1-26,5000
1443,T1-D-26,T1-26,10000
1444,T1-E-26,T1-26,20000
1445,T1-27,T1-27,500
1446,T1-B-27,T1-27,2500
1447,T1-C-27,T1-27,5000
1448,T1-D-27,T1-27,10000
1449,T1-E-27,T1-27,20000
1450,T1-28,T1-28,500
1451,T1-B-28,T1-28,2500
1452,T1-C-28,T1-28,5000
1453,T1-D-28,T1-28,10000
1454,T1-E-28,T1-28,20000
1455,T1-29,T1-29,500
1456,T1-B-29,T1-29,2500
1457,T1-C-29,T1-29,5000
1458,T1-D-29,T1-29,10000
1459,T1-E-29,T1-29,20000
1460,T1-30,T1-30,500
1461,T1-B-30,T1-30,2500
1462,T1-C-30,T1-30,5000
1463,T1-D-30,T1-30,10000
1464,T1-E-30,T1-30,20000
1465,T1-31,T1-31,500
1466,T1-B-31,T1-31,2500
1467,T1-C-31,T1-31,5000
1468,T1-D-31,T1-31,10000
1469,T1-E-31,T1-31,20000
1470,T1-32,T1-32,500
1471,T1-B-32,T1-32,2500
1472,T1-C-32,T1-32,5000
1473,T1-D-32,T1-32,10000
1474,T1-E-32,T1-32,20000
1475,T1-33,T1-33,500
1476,T1-B-33,T1-33,2500
1477,T1-C-33,T1-33,5000
1478,T1-D-33,T1-33,10000
1479,T1-E-33,T1-33,20000
1480,T1-34,T1-34,500
1481,T1-B-34,T1-34,2500
1482,T1-C-34,T1-34,5000
1483,T1-D-34,T1-34,10000
1484,T1-E-34,T1-34,20000
1485,T1-35,T1-35,500
1486,T1-B-35,T1-35,2500
1487,T1-C-35,T1-35,5000
1488,T1-D-35,T1-35,10000
1489,T1-E-35,T1-35,20000
1490,T1-36,T1-36,500
1491,T1-B-36,T1-36,2500
1492,T1-C-36,T1-36,5000
1493,T1-D-36,T1-36,10000
1494,T1-E-36,T1-36,20000
1495,T1-37,T1-37,500
1496,T1-B-37,T1-37,2500
1497,T1-C-37,T1-37,5000
1498,T1-D-37,T1-37,10000
1499,T1-E-37,T1-37,20000
1500,T1-38,T1-38,500
1501,T1-B-38,T1-38,2500
1502,T1-C-38,T1-38,5000
1503,T1-D-38,T1-38,10000
1504,T1-E-38,T1-38,20000
1505,T1-39,T1-39,500
1506,T1-B-39,T1-39,2500
1507,T1-C-39,T1-39,5000
1508,T1-D-39,T1-39,10000
1509,T1-E-39,T1-39,20000
1510,T1-40,T1-40,500
1511,T1-B-40,T1-40,2500
1512,T1-C-40,T1-40,5000
1513,T1-D-40,T1-40,10000
1514,T1-E-40,T1-40,20000
1515,T1-41,T1-41,500
1516,T1-B-41,T1-41,2500
1517,T1-C-41,T1-41,5000
1518,T1-D-41,T1-41,10000
1519,T1-E-41,T1-41,20000
1520,T1-42,T1-42,500
1521,T1-B-42,T1-42,2500
1522,T1-C-42,T1-42,5000
1523,T1-D-42,T1-42,10000
1524,T1-E-42,T1-42,20000
1525,T1-43,T1-43,500
1526,T1-B-43,T1-43,2500
1527,T1-C-43,T1-43,5000
1528,T1-D-43,T1-43,10000
1529,T1-E-43,T1-43,20000
1530,T1-44,T1-44,500
1531,T1-B-44,T1-44,2500
1532,T1-C-44,T1-44,5000
1533,T1-D-44,T1-44,10000
1534,T1-E-44,T1-44,20000
1535,T1-45,T1-45,500
1536,T1-B-45,T1-45,2500
1537,T1-C-45,T1-45,5000
1538,T1-D-45,T1-45,10000
1539,T1-E-45,T1-45,20000
1540,T1-46,T1-46,500
1541,T1-B-46,T1-46,2500
1542,T1-C-46,T1-46,5000
1543,T1-D-46,T1-46,10000
1544,T1-E-46,T1-46,20000
1545,T1-47,T1-47,500
1546,T1-B-47,T1-47,2500
1547,T1-C-47,T1-47,5000
1548,T1-D-47,T1-47,10000
1549,T1-E-47,T1-47,20000
1550,T1-48,T1-48,500
1551,T1-B-48,T1-48,2500
1552,T1-C-48,T1-48,5000
1553,T1-D-48,T1-48,10000
1554,T1-E-48,T1-48,20000
1555,T1-49,T1-49,500
1556,T1-B-49,T1-49,2500
1557,T1-C-49,T1-49,5000
1558,T1-D-49,T1-49,10000
1559,T1-E-49,T1-49,20000
1560,T1-50,T1-50,500
1561,T1-B-50,T1-50,2500
1562,T1-C-50,T1-50,5000
1563,T1-D-50,T1-50,10000
1564,T1-E-50,T1-50,20000
1565,T1-51,T1-51,500
1566,T1-B-51,T1-51,2500
1567,T1-C-51,T1-51,5000
1568,T1-D-51,T1-51,10000
1569,T1-E-51,T1-51,20000
1570,T1-52,T1-52,500
1571,T1-B-52,T1-52,2500
1572,T1-C-52,T1-52,5000
1573,T1-D-52,T1-52,10000
1574,T1-E-52,T1-52,20000
1575,T1-53,T1-53,500
1576,T1-B-53,T1-53,2500
1577,T1-C-53,T1-53,5000
1578,T1-D-53,T1-53,10000
1579,T1-E-53,T1-53,20000
1580,T1-54,T1-54,500
1581,T1-B-54,T1-54,2500
1582,T1-C-54,T1-54,5000
1583,T1-D-54,T1-54,10000
1584,T1-E-54,T1-54,20000
1585,T1-55,T1-55,500
1586,T1-B-55,T1-55,2500
1587,T1-C-55,T1-55,5000
1588,T1-D-55,T1-55,10000
1589,T1-E-55,T1-55,20000
1590,T1-56,T1-56,500
1591,T1-B-56,T1-56,2500
1592,T1-C-56,T1-56,5000
1593,T1-D-56,T1-56,10000
1594,T1-E-56,T1-56,20000
1595,T1-57,T1-57,500
1596,T1-B-57,T1-57,2500
1597,T1-C-57,T1-57,5000
1598,T1-D-57,T1-57,10000
1599,T1-E-57,T1-57,20000
1600,T1-58,T1-58,500
1601,T1-B-58,T1-58,2500
1602,T1-C-58,T1-58,5000
1603,T1-D-58,T1-58,10000
1604,T1-E-58,T1-58,20000
1605,T1-59,T1-59,500
1606,T1-B-59,T1-59,2500
1607,T1-C-59,T1-59,5000
1608,T1-D-59,T1-59,10000
1609,T1-E-59,T1-59,20000
1610,T1-60,T1-60,500
1611,T1-B-60,T1-60,2500
1612,T1-C-60,T1-60,5000
1613,T1-D-60,T1-60,10000
1614,T1-E-60,T1-60,20000
1615,T1-61,T1-61,500
1616,T1-B-61,T1-61,2500
1617,T1-C-61,T1-61,5000
1618,T1-D-61,T1-61,10000
1619,T1-E-61,T1-61,20000
1620,T1-62,T1-62,500
1621,T1-B-62,T1-62,2500
1622,T1-C-62,T1-62,5000
1623,T1-D-62,T1-62,10000
1624,T1-E-62,T1-62,20000
1625,T1-63,T1-63,500
1626,T1-B-63,T1-63,2500
1627,T1-C-63,T1-63,5000
1628,T1-D-63,T1-63,10000
1629,T1-E-63,T1-63,20000
1630,T1-64,T1-64,500
1631,T1-B-64,T1-64,2500
1632,T1-C-64,T1-64,5000
1633,T1-D-64,T1-64,10000
1634,T1-E-64,T1-64,20000
1635,T1-65,T1-65,500
1636,T1-B-65,T1-65,2500
1637,T1-C-65,T1-65,5000
1638,T1-D-65,T1-65,10000
1639,T1-E-65,T1-65,20000
1640,T1-66,T1-66,500
1641,T1-B-66,T1-66,2500
1642,T1-C-66,T1-66,5000
1643,T1-D-66,T1-66,10000
1644,T1-E-66,T1-66,20000
1645,T1-67,T1-67,500
1646,T1-B-67,T1-67,2500
1647,T1-C-67,T1-67,5000
1648,T1-D-67,T1-67,10000
1649,T1-E-67,T1-67,20000
1650,T1-68,T1-68,500
1651,T1-B-68,T1-68,2500
1652,T1-C-68,T1-68,5000
1653,T1-D-68,T1-68,10000
1654,T1-E-68,T1-68,20000
1655,T1-69,T1-69,500
1656,T1-B-69,T1-69,2500
1657,T1-C-69,T1-69,5000
1658,T1-D-69,T1-69,10000
1659,T1-E-69,T1-69,20000
1660,T1-70,T1-70,500
1661,T1-B-70,T1-70,2500
1662,T1-C-70,T1-70,5000
1663,T1-D-70,T1-70,10000
1664,T1-E-70,T1-70,20000
1665,T1-71,T1-71,500
1666,T1-B-71,T1-71,2500
1667,T1-C-71,T1-71,5000
1668,T1-D-71,T1-71,10000
1669,T1-E-71,T1-71,20000
1670,T1-72,T1-72,500
1671,T1-B-72,T1-72,2500
1672,T1-C-72,T1-72,5000
1673,T1-D-72,T1-72,10000
1674,T1-E-72,T1-72,20000
1675,T1-73,T1-73,500
1676,T1-B-73,T1-73,2500
1677,T1-C-73,T1-73,5000
1678,T1-D-73,T1-73,10000
1679,T1-E-73,T1-73,20000
1680,T1-74,T1-74,500
1681,T1-B-74,T1-74,2500
1682,T1-C-74,T1-74,5000
1683,T1-D-74,T1-74,10000
1684,T1-E-74,T1-74,20000
1685,T1-75,T1-75,500
1686,T1-B-75,T1-75,2500
1687,T1-C-75,T1-75,5000
1688,T1-D-75,T1-75,10000
1689,T1-E-75,T1-75,20000
1690,T1-76,T1-76,500
1691,T1-B-76,T1-76,2500
1692,T1-C-76,T1-76,5000
1693,T1-D-76,T1-76,10000
1694,T1-E-76,T1-76,20000
1695,T1-77,T1-77,500
1696,T1-B-77,T1-77,2500
1697,T1-C-77,T1-77,5000
1698,T1-D-77,T1-77,10000
1699,T1-E-77,T1-77,20000
1700,T1-78,T1-78,500
1701,T1-B-78,T1-78,2500
1702,T1-C-78,T1-78,5000
1703,T1-D-78,T1-78,10000
1704,T1-E-78,T1-78,20000
1705,T1-79,T1-79,500
1706,T1-B-79,T1-79,2500
1707,T1-C-79,T1-79,5000
1708,T1-D-79,T1-79,10000
1709,T1-E-79,T1-79,20000
1710,T1-80,T1-80,500
1711,T1-B-80,T1-80,2500
1712,T1-C-80,T1-80,5000
1713,T1-D-80,T1-80,10000
1714,T1-E-80,T1-80,20000
1715,T1-81,T1-81,500
1716,T1-B-81,T1-81,2500
1717,T1-C-81,T1-81,5000
1718,T1-D-81,T1-81,10000
1719,T1-E-81,T1-81,20000
1720,T1-82,T1-82,500
1721,T1-B-82,T1-82,2500
1722,T1-C-82,T1-82,5000
1723,T1-D-82,T1-82,10000
1724,T1-E-82,T1-82,20000
1725,T1-83,T1-83,500
1726,T1-B-83,T1-83,2500
1727,T1-C-83,T1-83,5000
1728,T1-D-83,T1-83,10000
1729,T1-E-83,T1-83,20000
1730,T1-84,T1-84,500
1731,T1-B-84,T1-84,2500
1732,T1-C-84,T1-84,5000
1733,T1-D-84,T1-84,10000
1734,T1-E-84,T1-84,20000
1735,T1-85,T1-85,500
1736,T1-B-85,T1-85,2500
1737,T1-C-85,T1-85,5000
1738,T1-D-85,T1-85,10000
1739,T1-E-85,T1-85,20000
1740,T2-1,T2-1,500
1741,T2-B-1,T2-1,2500
1742,T2-C-1,T2-1,5000
1743,T2-D-1,T2-1,10000
1744,T2-E-1,T2-1,20000
1745,T2-2,T2-2,500
1746,T2-B-2,T2-2,2500
1747,T2-C-2,T2-2,5000
1748,T2-D-2,T2-2,10000
1749,T2-E-2,T2-2,20000
1750,T2-3,T2-3,500
1751,T2-B-3,T2-3,2500
1752,T2-C-3,T2-3,5000
1753,T2-D-3,T2-3,10000
1754,T2-E-3,T2-3,20000
1755,T2-4,T2-4,500
1756,T2-B-4,T2-4,2500
1757,T2-C-4,T2-4,5000
1758,T2-D-4,T2-4,10000
1759,T2-E-4,T2-4,20000
1760,T2-5,T2-5,500
1761,T2-B-5,T2-5,2500
1762,T2-C-5,T2-5,5000
1763,T2-D-5,T2-5,10000
1764,T2-E-5,T2-5,20000
1765,T2-6,T2-6,500
1766,T2-B-6,T2-6,2500
1767,T2-C-6,T2-6,5000
1768,T2-D-6,T2-6,10000
1769,T2-E-6,T2-6,20000
1770,T2-7,T2-7,500
1771,T2-B-7,T2-7,2500
1772,T2-C-7,T2-7,5000
1773,T2-D-7,T2-7,10000
1774,T2-E-7,T2-7,20000
1775,T2-8,T2-8,500
1776,T2-B-8,T2-8,2500
1777,T2-C-8,T2-8,5000
1778,T2-D-8,T2-8,10000
1779,T2-E-8,T2-8,20000
1780,T3-1,T3-1,500
1781,T3-B-1,T3-1,2500
1782,T3-C-1,T3-1,5000
1783,T3-D-1,T3-1,10000
1784,T3-E-1,T3-1,20000
1785,T3-2,T3-2,500
1786,T3-B-2,T3-2,2500
1787,T3-C-2,T3-2,5000
1788,T3-D-2,T3-2,10000
1789,T3-E-2,T3-2,20000
1790,T3-3,T3-3,500
1791,T3-B-3,T3-3,2500
1792,T3-C-3,T3-3,5000
1793,T3-D-3,T3-3,10000
1794,T3-E-3,T3-3,20000
1795,T3-4,T3-4,500
1796,T3-B-4,T3-4,2500
1797,T3-C-4,T3-4,5000
1798,T3-D-4,T3-4,10000
1799,T3-E-4,T3-4,20000
1800,T3-5,T3-5,500
1801,T3-B-5,T3-5,2500
1802,T3-C-5,T3-5,5000
1803,T3-D-5,T3-5,10000
1804,T3-E-5,T3-5,20000
1805,T3-6,T3-6,500
1806,T3-B-6,T3-6,2500
1807,T3-C-6,T3-6,5000
1808,T3-D-6,T3-6,10000
1809,T3-E-6,T3-6,20000
1810,T3-7,T3-7,500
1811,T3-B-7,T3-7,2500
1812,T3-C-7,T3-7,5000
1813,T3-D-7,T3-7,10000
1814,T3-E-7,T3-7,20000
1815,T3-8,T3-8,500
1816,T3-B-8,T3-8,2500
1817,T3-C-8,T3-8,5000
1818,T3-D-8,T3-8,10000
1819,T3-E-8,T3-8,20000
1820,T3-9,T3-9,500
1821,T3-B-9,T3-9,2500
1822,T3-C-9,T3-9,5000
1823,T3-D-9,T3-9,10000
1824,T3-E-9,T3-9,20000
1825,T3-10,T3-10,500
1826,T3-B-10,T3-10,2500
1827,T3-C-10,T3-10,5000
1828,T3-D-10,T3-10,10000
1829,T3-E-10,T3-10,20000
1830,T3-11,T3-11,500
1831,T3-B-11,T3-11,2500
1832,T3-C-11,T3-11,5000
1833,T3-D-11,T3-11,10000
1834,T3-E-11,T3-11,20000
1835,T3-12,T3-12,500
1836,T3-B-12,T3-12,2500
1837,T3-C-12,T3-12,5000
1838,T3-D-12,T3-12,10000
1839,T3-E-12,T3-12,20000
1840,T3-13,T3-13,500
1841,T3-B-13,T3-13,2500
1842,T3-C-13,T3-13,5000
1843,T3-D-13,T3-13,10000
1844,T3-E-13,T3-13,20000
1845,T3-14,T3-14,500
1846,T3-B-14,T3-14,2500
1847,T3-C-14,T3-14,5000
1848,T3-D-14,T3-14,10000
1849,T3-E-14,T3-14,20000
1850,T4-D-4,T4-4,10000
1851,T4-E-4,T4-4,20000
1852,T4-D-5,T4-5,10000
1853,T4-E-5,T4-5,20000
1854,T4-D-6,T4-6,10000
1855,T4-E-6,T4-6,20000
1856,T4-D-7,T4-7,10000
1857,T4-E-7,T4-7,20000
1858,T4-D-8,T4-8,10000
1859,T4-E-8,T4-8,20000
1860,T4-D-9,T4-9,10000
1861,T4-E-9,T4-9,20000
1862,T4-D-10,T4-10,10000
1863,T4-E-10,T4-10,20000
1864,T4-D-11,T4-11,10000
1865,T4-E-11,T4-11,20000
1866,T4-D-12,T4-12,10000
1867,T4-E-12,T4-12,20000
1868,T4-D-13,T4-13,10000
1869,T4-E-13,T4-13,20000
1870,T4-D-14,T4-14,10000
1871,T4-E-14,T4-14,20000
1872,T4-D-15,T4-15,10000
1873,T4-E-15,T4-15,20000
1874,T4-D-16,T4-16,10000
1875,T4-E-16,T4-16,20000
1876,T4-D-17,T4-17,10000
1877,T4-E-17,T4-17,20000
1878,T4-D-18,T4-18,10000
1879,T4-E-18,T4-18,20000
1880,T4-D-19,T4-19,10000
1881,T4-E-19,T4-19,20000
1882,T4-D-20,T4-20,10000
1883,T4-E-20,T4-20,20000
1884,T5-1,T5-1,500
1885,T5-B-1,T5-1,2500
1886,T5-C-1,T5-1,5000
1887,T5-D-1,T5-1,10000
1888,T5-E-1,T5-1,20000
1889,T5-2,T5-2,500
1890,T5-B-2,T5-2,2500
1891,T5-C-2,T5-2,5000
1892,T5-D-2,T5-2,10000
1893,T5-E-2,T5-2,20000
1894,T5-3,T5-3,500
1895,T5-B-3,T5-3,2500
1896,T5-C-3,T5-3,5000
1897,T5-D-3,T5-3,10000
1898,T5-E-3,T5-3,20000
1899,T5-4,T5-4,500
1900,T5-B-4,T5-4,2500
1901,T5-C-4,T5-4,5000
1902,T5-D-4,T5-4,10000
1903,T5-E-4,T5-4,20000
1904,T5-5,T5-5,500
1905,T5-B-5,T5-5,2500
1906,T5-C-5,T5-5,5000
1907,T5-D-5,T5-5,10000
1908,T5-E-5,T5-5,20000
1909,T5-6,T5-6,500
1910,T5-B-6,T5-6,2500
1911,T5-C-6,T5-6,5000
1912,T5-D-6,T5-6,10000
1913,T5-E-6,T5-6,20000
1914,T5-7,T5-7,500
1915,T5-B-7,T5-7,2500
1916,T5-C-7,T5-7,5000
1917,T5-D-7,T5-7,10000
1918,T5-E-7,T5-7,20000
1919,T5-8,T5-8,500
1920,T5-B-8,T5-8,2500
1921,T5-C-8,T5-8,5000
1922,T5-D-8,T5-8,10000
1923,T5-E-8,T5-8,20000
1924,T5-9,T5-9,500
1925,T5-B-9,T5-9,2500
1926,T5-C-9,T5-9,5000
1927,T5-D-9,T5-9,10000
1928,T5-E-9,T5-9,20000
1929,T5-10,T5-10,500
1930,T5-B-10,T5-10,2500
1931,T5-C-10,T5-10,5000
1932,T5-D-10,T5-10,10000
1933,T5-E-10,T5-10,20000
1934,T6-1,T6-1,500
1935,T6-B-1,T6-1,2500
1936,T6-C-1,T6-1,5000
1937,T6-D-1,T6-1,10000
1938,T6-E-1,T6-1,20000
1939,T6-2,T6-2,500
1940,T6-B-2,T6-2,2500
1941,T6-C-2,T6-2,5000
1942,T6-D-2,T6-2,10000
1943,T6-E-2,T6-2,20000
1944,T6-3,T6-3,500
1945,T6-B-3,T6-3,2500
1946,T6-C-3,T6-3,5000
1947,T6-D-3,T6-3,10000
1948,T6-E-3,T6-3,20000
1949,T6-4,T6-4,500
1950,T6-B-4,T6-4,2500
1951,T6-C-4,T6-4,5000
1952,T6-D-4,T6-4,10000
1953,T6-E-4,T6-4,20000
1954,T6-5,T6-5,500
1955,T6-B-5,T6-5,2500
1956,T6-C-5,T6-5,5000
1957,T6-D-5,T6-5,10000
1958,T6-E-5,T6-5,20000
1959,T6-6,T6-6,500
1960,T6-B-6,T6-6,2500
1961,T6-C-6,T6-6,5000
1962,T6-D-6,T6-6,10000
1963,T6-E-6,T6-6,20000
1964,T6-7,T6-7,500
1965,T6-B-7,T6-7,2500
1966,T6-C-7,T6-7,5000
1967,T6-D-7,T6-7,10000
1968,T6-E-7,T6-7,20000
1969,T7-1,T7-1,500
1970,T7-B-1,T7-1,2500
1971,T7-C-1,T7-1,5000
1972,T7-D-1,T7-1,10000
1973,T7-E-1,T7-1,20000
1974,T7-2,T7-2,500
1975,T7-B-2,T7-2,2500
1976,T7-C-2,T7-2,5000
1977,T7-D-2,T7-2,10000
1978,T7-E-2,T7-2,20000
1979,T7-3,T7-3,500
1980,T7-B-3,T7-3,2500
1981,T7-C-3,T7-3,5000
1982,T7-D-3,T7-3,10000
1983,T7-E-3,T7-3,20000
1984,T7-4,T7-4,500
1985,T7-B-4,T7-4,2500
1986,T7-C-4,T7-4,5000
1987,T7-D-4,T7-4,10000
1988,T7-E-4,T7-4,20000
1989,T7-5,T7-5,500
1990,T7-B-5,T7-5,2500
1991,T7-C-5,T7-5,5000
1992,T7-D-5,T7-5,10000
1993,T7-E-5,T7-5,20000
1994,T7-6,T7-6,500
1995,T7-B-6,T7-6,2500
1996,T7-C-6,T7-6,5000
1997,T7-D-6,T7-6,10000
1998,T7-E-6,T7-6,20000
1999,T7-7,T7-7,500
2000,T7-B-7,T7-7,2500
2001,T7-C-7,T7-7,5000
2002,T7-D-7,T7-7,10000
2003,T7-E-7,T7-7,20000
2004,T7-8,T7-8,500
2005,T7-B-8,T7-8,2500
2006,T7-C-8,T7-8,5000
2007,T7-D-8,T7-8,10000
2008,T7-E-8,T7-8,20000
2009,T7-9,T7-9,500
2010,T7-B-9,T7-9,2500
2011,T7-C-9,T7-9,5000
2012,T7-D-9,T7-9,10000
2013,T7-E-9,T7-9,20000
2014,T7-10,T7-10,500
2015,T7-B-10,T7-10,2500
2016,T7-C-10,T7-10,5000
2017,T7-D-10,T7-10,10000
2018,T7-E-10,T7-10,20000
2019,T7-11,T7-11,500
2020,T7-B-11,T7-11,2500
2021,T7-C-11,T7-11,5000
2022,T7-D-11,T7-11,10000
2023,T7-E-11,T7-11,20000
2024,T7-12,T7-12,500
2025,T7-B-12,T7-12,2500
2026,T7-C-12,T7-12,5000
2027,T7-D-12,T7-12,10000
2028,T7-E-12,T7-12,20000
2029,T7-13,T7-13,500
2030,T7-B-13,T7-13,2500
2031,T7-C-13,T7-13,5000
2032,T7-D-13,T7-13,10000
2033,T7-E-13,T7-13,20000
2034,T7-14,T7-14,500
2035,T7-B-14,T7-14,2500
2036,T7-C-14,T7-14,5000
2037,T7-D-14,T7-14,10000
2038,T7-E-14,T7-14,20000
2039,T8-1,T8-1,500
2040,T8-B-1,T8-1,2500
2041,T8-C-1,T8-1,5000
2042,T8-D-1,T8-1,10000
2043,T8-E-1,T8-1,20000
2044,T8-2,T8-2,500
2045,T8-B-2,T8-2,2500
2046,T8-C-2,T8-2,5000
2047,T8-D-2,T8-2,10000
2048,T8-E-2,T8-2,20000
2049,T8-3,T8-3,500
2050,T8-B-3,T8-3,2500
2051,T8-C-3,T8-3,5000
2052,T8-D-3,T8-3,10000
2053,T8-E-3,T8-3,20000
2054,T8-4,T8-4,500
2055,T8-B-4,T8-4,2500
2056,T8-C-4,T8-4,5000
2057,T8-D-4,T8-4,10000
2058,T8-E-4,T8-4,20000
2059,T8-5,T8-5,500
2060,T8-B-5,T8-5,2500
2061,T8-C-5,T8-5,5000
2062,T8-D-5,T8-5,10000
2063,T8-E-5,T8-5,20000
2064,T9-1,T9-1,500
2065,T9-B-1,T9-1,2500
2066,T9-C-1,T9-1,5000
2067,T9-D-1,T9-1,10000
2068,T9-E-1,T9-1,20000
2069,T9-2,T9-2,500
2070,T9-B-2,T9-2,2500
2071,T9-C-2,T9-2,5000
2072,T9-D-2,T9-2,10000
2073,T9-E-2,T9-2,20000
2074,T10-1,T10-1,500
2075,T10-B-1,T10-1,2500
2076,T10-C-1,T10-1,5000
2077,T10-D-1,T10-1,10000
2078,T10-E-1,T10-1,20000
2079,T10-2,T10-2,500
2080,T10-B-2,T10-2,2500
2081,T10-C-2,T10-2,5000
2082,T10-D-2,T10-2,10000
2083,T10-E-2,T10-2,20000
2084,T11-1,T11-1,500
2085,T11-B-1,T11-1,2500
2086,T11-C-1,T11-1,5000
2087,T11-D-1,T11-1,10000
2088,T11-E-1,T11-1,20000
2089,T11-2,T11-2,500
2090,T11-B-2,T11-2,2500
2091,T11-C-2,T11-2,5000
2092,T11-D-2,T11-2,10000
2093,T11-E-2,T11-2,20000
2094,T11-3,T11-3,500
2095,T11-B-3,T11-3,2500
2096,T11-C-3,T11-3,5000
2097,T11-D-3,T11-3,10000
2098,T11-E-3,T11-3,20000
2099,T12-1,T12-1,500
2100,T12-B-1,T12-1,2500
2101,T12-C-1,T12-1,5000
2102,T12-D-1,T12-1,10000
2103,T12-E-1,T12-1,20000
2104,T12-2,T12-2,500
2105,T12-B-2,T12-2,2500
2106,T12-C-2,T12-2,5000
2107,T12-D-2,T12-2,10000
2108,T12-E-2,T12-2,20000
2109,T12-3,T12-3,500
2110,T12-B-3,T12-3,2500
2111,T12-C-3,T12-3,5000
2112,T12-D-3,T12-3,10000
2113,T12-E-3,T12-3,20000
2114,T12-4,T12-4,500
2115,T12-B-4,T12-4,2500
2116,T12-C-4,T12-4,5000
2117,T12-D-4,T12-4,10000
2118,T12-E-4,T12-4,20000
2119,T13-1,T13-1,500
2120,T13-B-1,T13-1,2500
2121,T13-C-1,T13-1,5000
2122,T13-D-1,T13-1,10000
2123,T13-E-1,T13-1,20000
2124,T13-2,T13-2,500
2125,T13-B-2,T13-2,2500
2126,T13-C-2,T13-2,5000
2127,T13-D-2,T13-2,10000
2128,T13-E-2,T13-2,20000
2129,T13-3,T13-3,500
2130,T13-B-3,T13-3,2500
2131,T13-C-3,T13-3,5000
2132,T13-D-3,T13-3,10000
2133,T13-E-3,T13-3,20000
2134,T13-4,T13-4,500
2135,T13-B-4,T13-4,2500
2136,T13-C-4,T13-4,5000
2137,T13-D-4,T13-4,10000
2138,T13-E-4,T13-4,20000
2139,T13-5,T13-5,500
2140,T13-B-5,T13-5,2500
2141,T13-C-5,T13-5,5000
2142,T13-D-5,T13-5,10000
2143,T13-E-5,T13-5,20000
2144,T13-6,T13-6,500
2145,T13-B-6,T13-6,2500
2146,T13-C-6,T13-6,5000
2147,T13-D-6,T13-6,10000
2148,T13-E-6,T13-6,20000
2149,T13-7,T13-7,500
2150,T13-B-7,T13-7,2500
2151,T13-C-7,T13-7,5000
2152,T13-D-7,T13-7,10000
2153,T13-E-7,T13-7,20000
2154,T13-8,T13-8,500
2155,T13-B-8,T13-8,2500
2156,T13-C-8,T13-8,5000
2157,T13-D-8,T13-8,10000
2158,T13-E-8,T13-8,20000
2159,T13-9,T13-9,500
2160,T13-B-9,T13-9,2500
2161,T13-C-9,T13-9,5000
2162,T13-D-9,T13-9,10000
2163,T13-E-9,T13-9,20000
2164,T13-10,T13-10,500
2165,T13-B-10,T13-10,2500
2166,T13-C-10,T13-10,5000
2167,T13-D-10,T13-10,10000
2168,T13-E-10,T13-10,20000
2169,T13-11,T13-11,500
2170,T13-B-11,T13-11,2500
2171,T13-C-11,T13-11,5000
2172,T13-D-11,T13-11,10000
2173,T13-E-11,T13-11,20000
2174,T13-12,T13-12,500
2175,T13-B-12,T13-12,2500
2176,T13-C-12,T13-12,5000
2177,T13-D-12,T13-12,10000
2178,T13-E-12,T13-12,20000
2179,T13-13,T13-13,500
2180,T13-B-13,T13-13,2500
2181,T13-C-13,T13-13,5000
2182,T13-D-13,T13-13,10000
2183,T13-E-13,T13-13,20000
2184,T13-14,T13-14,500
2185,T13-B-14,T13-14,2500
2186,T13-C-14,T13-14,5000
2187,T13-D-14,T13-14,10000
2188,T13-E-14,T13-14,20000
2189,T13-15,T13-15,500
2190,T13-B-15,T13-15,2500
2191,T13-C-15,T13-15,5000
2192,T13-D-15,T13-15,10000
2193,T13-E-15,T13-15,20000
2194,T13-16,T13-16,500
2195,T13-B-16,T13-16,2500
2196,T13-C-16,T13-16,5000
2197,T13-D-16,T13-16,10000
2198,T13-E-16,T13-16,20000
2199,T13-17,T13-17,500
2200,T13-B-17,T13-17,2500
2201,T13-C-17,T13-17,5000
2202,T13-D-17,T13-17,10000
2203,T13-E-17,T13-17,20000
2204,T13-18,T13-18,500
2205,T13-B-18,T13-18,2500
2206,T13-C-18,T13-18,5000
2207,T13-D-18,T13-18,10000
2208,T13-E-18,T13-18,20000
2209,T14-1,T14-1,500
2210,T14-B-1,T14-1,2500
2211,T14-C-1,T14-1,5000
2212,T14-D-1,T14-1,10000
2213,T14-E-1,T14-1,20000
2214,T14-2,T14-2,500
2215,T14-B-2,T14-2,2500
2216,T14-C-2,T14-2,5000
2217,T14-D-2,T14-2,10000
2218,T14-E-2,T14-2,20000
2219,T14-3,T14-3,500
2220,T14-B-3,T14-3,2500
2221,T14-C-3,T14-3,5000
2222,T14-D-3,T14-3,10000
2223,T14-E-3,T14-3,20000
2224,T15-1,T15-1,500
2225,T15-B-1,T15-1,2500
2226,T15-C-1,T15-1,5000
2227,T15-D-1,T15-1,10000
2228,T15-E-1,T15-1,20000
2229,T15-2,T15-2,500
2230,T15-B-2,T15-2,2500
2231,T15-C-2,T15-2,5000
2232,T15-D-2,T15-2,10000
2233,T15-E-2,T15-2,20000
2234,T16-1,T16-1,500
2235,T16-B-1,T16-1,2500
2236,T16-C-1,T16-1,5000
2237,T16-D-1,T16-1,10000
2238,T16-E-1,T16-1,20000
2239,T16-2,T16-2,500
2240,T16-B-2,T16-2,2500
2241,T16-C-2,T16-2,5000
2242,T16-D-2,T16-2,10000
2243,T16-E-2,T16-2,20000
2244,T16-3,T16-3,500
2245,T16-B-3,T16-3,2500
2246,T16-C-3,T16-3,5000
2247,T16-D-3,T16-3,10000
2248,T16-E-3,T16-3,20000
2249,T16-4,T16-4,500
2250,T16-B-4,T16-4,2500
2251,T16-C-4,T16-4,5000
2252,T16-D-4,T16-4,10000
2253,T16-E-4,T16-4,20000
2254,T16-5,T16-5,500
2255,T16-B-5,T16-5,2500
2256,T16-C-5,T16-5,5000
2257,T16-D-5,T16-5,10000
2258,T16-E-5,T16-5,20000
2259,T16-6,T16-6,500
2260,T16-B-6,T16-6,2500
2261,T16-C-6,T16-6,5000
2262,T16-D-6,T16-6,10000
2263,T16-E-6,T16-6,20000
2264,T16-7,T16-7,500
2265,T16-B-7,T16-7,2500
2266,T16-C-7,T16-7,5000
2267,T16-D-7,T16-7,10000
2268,T16-E-7,T16-7,20000
2269,T17-1,T17-1,500
2270,T17-B-1,T17-1,2500
2271,T17-C-1,T17-1,5000
2272,T17-D-1,T17-1,10000
2273,T17-E-1,T17-1,20000
2274,T17-2,T17-2,500
2275,T17-B-2,T17-2,2500
2276,T17-C-2,T17-2,5000
2277,T17-D-2,T17-2,10000
2278,T17-E-2,T17-2,20000
2279,T17-3,T17-3,500
2280,T17-B-3,T17-3,2500
2281,T17-C-3,T17-3,5000
2282,T17-D-3,T17-3,10000
2283,T17-E-3,T17-3,20000
2284,T17-4,T17-4,500
2285,T17-B-4,T17-4,2500
2286,T17-C-4,T17-4,5000
2287,T17-D-4,T17-4,10000
2288,T17-E-4,T17-4,20000
2289,T18-1,T18-1,500
2290,T18-B-1,T18-1,2500
2291,T18-C-1,T18-1,5000
2292,T18-D-1,T18-1,10000
2293,T18-E-1,T18-1,20000
2294,T18-2,T18-2,500
2295,T18-B-2,T18-2,2500
2296,T18-C-2,T18-2,5000
2297,T18-D-2,T18-2,10000
2298,T18-E-2,T18-2,20000
2299,T18-3,T18-3,500
2300,T18-B-3,T18-3,2500
2301,T18-C-3,T18-3,5000
2302,T18-D-3,T18-3,10000
2303,T18-E-3,T18-3,20000
2304,T18-4,T18-4,500
2305,T18-B-4,T18-4,2500
2306,T18-C-4,T18-4,5000
2307,T18-D-4,T18-4,10000
2308,T18-E-4,T18-4,20000
2309,T18-5,T18-5,500
2310,T18-B-5,T18-5,2500
2311,T18-C-5,T18-5,5000
2312,T18-D-5,T18-5,10000
2313,T18-E-5,T18-5,20000
2314,T18-6,T18-6,500
2315,T18-B-6,T18-6,2500
2316,T18-C-6,T18-6,5000
2317,T18-D-6,T18-6,10000
2318,T18-E-6,T18-6,20000
2319,T19-1,T19-1,500
2320,T19-B-1,T19-1,2500
2321,T19-C-1,T19-1,5000
2322,T19-D-1,T19-1,10000
2323,T19-E-1,T19-1,20000
2324,T19-2,T19-2,500
2325,T19-B-2,T19-2,2500
2326,T19-C-2,T19-2,5000
2327,T19-D-2,T19-2,10000
2328,T19-E-2,T19-2,20000
2329,T19-3,T19-3,500
2330,T19-B-3,T19-3,2500
2331,T19-C-3,T19-3,5000
2332,T19-D-3,T19-3,10000
2333,T19-E-3,T19-3,20000
2334,T20-1,T20-1,500
2335,T20-B-1,T20-1,2500
2336,T20-C-1,T20-1,5000
2337,T20-D-1,T20-1,10000
2338,T20-E-1,T20-1,20000
2339,T20-2,T20-2,500
2340,T20-B-2,T20-2,2500
2341,T20-C-2,T20-2,5000
2342,T20-D-2,T20-2,10000
2343,T20-E-2,T20-2,20000
2344,T21-1,T21-1,500
2345,T21-B-1,T21-1,2500
2346,T21-C-1,T21-1,5000
2347,T21-D-1,T21-1,10000
2348,T21-E-1,T21-1,20000
2349,T21-2,T21-2,500
2350,T21-B-2,T21-2,2500
2351,T21-C-2,T21-2,5000
2352,T21-D-2,T21-2,10000
2353,T21-E-2,T21-2,20000
2354,T21-3,T21-3,500
2355,T21-B-3,T21-3,2500
2356,T21-C-3,T21-3,5000
2357,T21-D-3,T21-3,10000
2358,T21-E-3,T21-3,20000
2359,T21-4,T21-4,500
2360,T21-B-4,T21-4,2500
2361,T21-C-4,T21-4,5000
2362,T21-D-4,T21-4,10000
2363,T21-E-4,T21-4,20000
2364,T21-5,T21-5,500
2365,T21-B-5,T21-5,2500
2366,T21-C-5,T21-5,5000
2367,T21-D-5,T21-5,10000
2368,T21-E-5,T21-5,20000
2369,T21-6,T21-6,500
2370,T21-B-6,T21-6,2500
2371,T21-C-6,T21-6,5000
2372,T21-D-6,T21-6,10000
2373,T21-E-6,T21-6,20000
2374,T21-7,T21-7,500
2375,T21-B-7,T21-7,2500
2376,T21-C-7,T21-7,5000
2377,T21-D-7,T21-7,10000
2378,T21-E-7,T21-7,20000
2379,T21-8,T21-8,500
2380,T21-B-8,T21-8,2500
2381,T21-C-8,T21-8,5000
2382,T21-D-8,T21-8,10000
2383,T21-E-8,T21-8,20000
2384,T22-1,T22-1,500
2385,T22-B-1,T22-1,2500
2386,T22-C-1,T22-1,5000
2387,T22-D-1,T22-1,10000
2388,T22-E-1,T22-1,20000
2389,T22-2,T22-2,500
2390,T22-B-2,T22-2,2500
2391,T22-C-2,T22-2,5000
2392,T22-D-2,T22-2,10000
2393,T22-E-2,T22-2,20000
2394,T22-3,T22-3,500
2395,T22-B-3,T22-3,2500
2396,T22-C-3,T22-3,5000
2397,T22-D-3,T22-3,10000
2398,T22-E-3,T22-3,20000
2399,T22-4,T22-4,500
2400,T22-B-4,T22-4,2500
2401,T22-C-4,T22-4,5000
2402,T22-D-4,T22-4,10000
2403,T22-E-4,T22-4,20000
2404,T24-1,T24-1,500
2405,T24-B-1,T24-1,2500
2406,T24-C-1,T24-1,5000
2407,T24-D-1,T24-1,10000
2408,T24-E-1,T24-1,20000
2409,T24-2,T24-2,500
2410,T24-B-2,T24-2,2500
2411,T24-C-2,T24-2,5000
2412,T24-D-2,T24-2,10000
2413,T24-E-2,T24-2,20000
2414,T24-3,T24-3,500
2415,T24-B-3,T24-3,2500
2416,T24-C-3,T24-3,5000
2417,T24-D-3,T24-3,10000
2418,T24-E-3,T24-3,20000
2419,T25-1,T25-1,500
2420,T25-B-1,T25-1,2500
2421,T25-C-1,T25-1,5000
2422,T25-D-1,T25-1,10000
2423,T25-E-1,T25-1,20000
2424,T25-2,T25-2,500
2425,T25-B-2,T25-2,2500
2426,T25-C-2,T25-2,5000
2427,T25-D-2,T25-2,10000
2428,T25-E-2,T25-2,20000
2429,T25-3,T25-3,500
2430,T25-B-3,T25-3,2500
2431,T25-C-3,T25-3,5000
2432,T25-D-3,T25-3,10000
2433,T25-E-3,T25-3,20000
2434,T25-4,T25-4,500
2435,T25-B-4,T25-4,2500
2436,T25-C-4,T25-4,5000
2437,T25-D-4,T25-4,10000
2438,T25-E-4,T25-4,20000
2439,T26-1,T26-1,500
2440,T26-B-1,T26-1,2500
2441,T26-C-1,T26-1,5000
2442,T26-D-1,T26-1,10000
2443,T26-E-1,T26-1,20000
2444,T26-2,T26-2,500
2445,T26-B-2,T26-2,2500
2446,T26-C-2,T26-2,5000
2447,T26-D-2,T26-2,10000
2448,T26-E-2,T26-2,20000
2449,T26-3,T26-3,500
2450,T26-B-3,T26-3,2500
2451,T26-C-3,T26-3,5000
2452,T26-D-3,T26-3,10000
2453,T26-E-3,T26-3,20000
2454,T26-4,T26-4,500
2455,T26-B-4,T26-4,2500
2456,T26-C-4,T26-4,5000
2457,T26-D-4,T26-4,10000
2458,T26-E-4,T26-4,20000
2459,T26-5,T26-5,500
2460,T26-B-5,T26-5,2500
2461,T26-C-5,T26-5,5000
2462,T26-D-5,T26-5,10000
2463,T26-E-5,T26-5,20000
2464,T26-6,T26-6,500
2465,T26-B-6,T26-6,2500
2466,T26-C-6,T26-6,5000
2467,T26-D-6,T26-6,10000
2468,T26-E-6,T26-6,20000
2469,T26-7,T26-7,500
2470,T26-B-7,T26-7,2500
2471,T26-C-7,T26-7,5000
2472,T26-D-7,T26-7,10000
2473,T26-E-7,T26-7,20000
2474,T27-1,T27-1,500
2475,T27-B-1,T27-1,2500
2476,T27-C-1,T27-1,5000
2477,T27-D-1,T27-1,10000
2478,T27-E-1,T27-1,20000
2479,T27-2,T27-2,500
2480,T27-B-2,T27-2,2500
2481,T27-C-2,T27-2,5000
2482,T27-D-2,T27-2,10000
2483,T27-E-2,T27-2,20000
2484,T27-3,T27-3,500
2485,T27-B-3,T27-3,2500
2486,T27-C-3,T27-3,5000
2487,T27-D-3,T27-3,10000
2488,T27-E-3,T27-3,20000
2489,T27-4,T27-4,500
2490,T27-B-4,T27-4,2500
2491,T27-C-4,T27-4,5000
2492,T27-D-4,T27-4,10000
2493,T27-E-4,T27-4,20000
2494,T27-5,T27-5,500
2495,T27-B-5,T27-5,2500
2496,T27-C-5,T27-5,5000
2497,T27-D-5,T27-5,10000
2498,T27-E-5,T27-5,20000
2499,T27-6,T27-6,500
2500,T27-B-6,T27-6,2500
2501,T27-C-6,T27-6,5000
2502,T27-D-6,T27-6,10000
2503,T27-E-6,T27-6,20000
2504,T27-7,T27-7,500
2505,T27-B-7,T27-7,2500
2506,T27-C-7,T27-7,5000
2507,T27-D-7,T27-7,10000
2508,T27-E-7,T27-7,20000
2509,T27-8,T27-8,500
2510,T27-B-8,T27-8,2500
2511,T27-C-8,T27-8,5000
2512,T27-D-8,T27-8,10000
2513,T27-E-8,T27-8,20000
2514,T28-1,T28-1,500
2515,T28-B-1,T28-1,2500
2516,T28-C-1,T28-1,5000
2517,T28-D-1,T28-1,10000
2518,T28-E-1,T28-1,20000
2519,T28-2,T28-2,500
2520,T28-B-2,T28-2,2500
2521,T28-C-2,T28-2,5000
2522,T28-D-2,T28-2,10000
2523,T28-E-2,T28-2,20000
2524,T28-3,T28-3,500
2525,T28-B-3,T28-3,2500
2526,T28-C-3,T28-3,5000
2527,T28-D-3,T28-3,10000
2528,T28-E-3,T28-3,20000
2529,T29-1,T29-1,500
2530,T29-B-1,T29-1,2500
2531,T29-C-1,T29-1,5000
2532,T29-D-1,T29-1,10000
2533,T29-E-1,T29-1,20000
2534,T29-2,T29-2,500
2535,T29-B-2,T29-2,2500
2536,T29-C-2,T29-2,5000
2537,T29-D-2,T29-2,10000
2538,T29-E-2,T29-2,20000
2539,T29-3,T29-3,500
2540,T29-B-3,T29-3,2500
2541,T29-C-3,T29-3,5000
2542,T29-D-3,T29-3,10000
2543,T29-E-3,T29-3,20000
2544,T29-4,T29-4,500
2545,T29-B-4,T29-4,2500
2546,T29-C-4,T29-4,5000
2547,T29-D-4,T29-4,10000
2548,T29-E-4,T29-4,20000
2549,T29-5,T29-5,500
2550,T29-B-5,T29-5,2500
2551,T29-C-5,T29-5,5000
2552,T29-D-5,T29-5,10000
2553,T29-E-5,T29-5,20000
2554,T29-6,T29-6,500
2555,T29-B-6,T29-6,2500
2556,T29-C-6,T29-6,5000
2557,T29-D-6,T29-6,10000
2558,T29-E-6,T29-6,20000
2559,T29-7,T29-7,500
2560,T29-B-7,T29-7,2500
2561,T29-C-7,T29-7,5000
2562,T29-D-7,T29-7,10000
2563,T29-E-7,T29-7,20000
2564,T29-8,T29-8,500
2565,T29-B-8,T29-8,2500
2566,T29-C-8,T29-8,5000
2567,T29-D-8,T29-8,10000
2568,T29-E-8,T29-8,20000
2569,T29-9,T29-9,500
2570,T29-B-9,T29-9,2500
2571,T29-C-9,T29-9,5000
2572,T29-D-9,T29-9,10000
2573,T29-E-9,T29-9,20000
2574,T29-10,T29-10,500
2575,T29-B-10,T29-10,2500
2576,T29-C-10,T29-10,5000
2577,T29-D-10,T29-10,10000
2578,T29-E-10,T29-10,20000
2579,T30-1,T30-1,500
2580,T30-B-1,T30-1,2500
2581,T30-C-1,T30-1,5000
2582,T30-D-1,T30-1,10000
2583,T30-E-1,T30-1,20000
2584,T30-2,T30-2,500
2585,T30-B-2,T30-2,2500
2586,T30-C-2,T30-2,5000
2587,T30-D-2,T30-2,10000
2588,T30-E-2,T30-2,20000
2589,T30-3,T30-3,500
2590,T30-B-3,T30-3,2500
2591,T30-C-3,T30-3,5000
2592,T30-D-3,T30-3,10000
2593,T30-E-3,T30-3,20000
2594,T30-4,T30-4,500
2595,T30-B-4,T30-4,2500
2596,T30-C-4,T30-4,5000
2597,T30-D-4,T30-4,10000
2598,T30-E-4,T30-4,20000
2599,T30-5,T30-5,500
2600,T30-B-5,T30-5,2500
2601,T30-C-5,T30-5,5000
2602,T30-D-5,T30-5,10000
2603,T30-E-5,T30-5,20000
2604,T30-6,T30-6,500
2605,T30-B-6,T30-6,2500
2606,T30-C-6,T30-6,5000
2607,T30-D-6,T30-6,10000
2608,T30-E-6,T30-6,20000
2609,T30-7,T30-7,500
2610,T30-B-7,T30-7,2500
2611,T30-C-7,T30-7,5000
2612,T30-D-7,T30-7,10000
2613,T30-E-7,T30-7,20000
2614,T31-1,T31-1,500
2615,T31-B-1,T31-1,2500
2616,T31-C-1,T31-1,5000
2617,T31-D-1,T31-1,10000
2618,T31-E-1,T31-1,20000
2619,T31-2,T31-2,500
2620,T31-B-2,T31-2,2500
2621,T31-C-2,T31-2,5000
2622,T31-D-2,T31-2,10000
2623,T31-E-2,T31-2,20000
2624,T31-3,T31-3,500
2625,T31-B-3,T31-3,2500
2626,T31-C-3,T31-3,5000
2627,T31-D-3,T31-3,10000
2628,T31-E-3,T31-3,20000
2629,T31-4,T31-4,500
2630,T31-B-4,T31-4,2500
2631,T31-C-4,T31-4,5000
2632,T31-D-4,T31-4,10000
2633,T31-E-4,T31-4,20000
2634,T31-5,T31-5,500
2635,T31-B-5,T31-5,2500
2636,T31-C-5,T31-5,5000
2637,T31-D-5,T31-5,10000
2638,T31-E-5,T31-5,20000
2639,T31-6,T31-6,500
2640,T31-B-6,T31-6,2500
2641,T31-C-6,T31-6,5000
2642,T31-D-6,T31-6,10000
2643,T31-E-6,T31-6,20000
2644,T31-7,T31-7,500
2645,T31-B-7,T31-7,2500
2646,T31-C-7,T31-7,5000
2647,T31-D-7,T31-7,10000
2648,T31-E-7,T31-7,20000
2649,T31-8,T31-8,500
2650,T31-B-8,T31-8,2500
2651,T31-C-8,T31-8,5000
2652,T31-D-8,T31-8,10000
2653,T31-E-8,T31-8,20000
2654,T31-9,T31-9,500
2655,T31-B-9,T31-9,2500
2656,T31-C-9,T31-9,5000
2657,T31-D-9,T31-9,10000
2658,T31-E-9,T31-9,20000
2659,T31-10,T31-10,500
2660,T31-B-10,T31-10,2500
2661,T31-C-10,T31-10,5000
2662,T31-D-10,T31-10,10000
2663,T31-E-10,T31-10,20000
2664,T31-11,T31-11,500
2665,T31-B-11,T31-11,2500
2666,T31-C-11,T31-11,5000
2667,T31-D-11,T31-11,10000
2668,T31-E-11,T31-11,20000
2669,T31-12,T31-12,500
2670,T31-B-12,T31-12,2500
2671,T31-C-12,T31-12,5000
2672,T31-D-12,T31-12,10000
2673,T31-E-12,T31-12,20000
2674,T31-13,T31-13,500
2675,T31-B-13,T31-13,2500
2676,T31-C-13,T31-13,5000
2677,T31-D-13,T31-13,10000
2678,T31-E-13,T31-13,20000
2679,T31-14,T31-14,500
2680,T31-B-14,T31-14,2500
2681,T31-C-14,T31-14,5000
2682,T31-D-14,T31-14,10000
2683,T31-E-14,T31-14,20000
2684,T32-1,T32-1,500
2685,T32-B-1,T32-1,2500
2686,T32-C-1,T32-1,5000
2687,T32-D-1,T32-1,10000
2688,T32-E-1,T32-1,20000
2689,T32-2,T32-2,500
2690,T32-B-2,T32-2,2500
2691,T32-C-2,T32-2,5000
2692,T32-D-2,T32-2,10000
2693,T32-E-2,T32-2,20000
2694,T32-3,T32-3,500
2695,T32-B-3,T32-3,2500
2696,T32-C-3,T32-3,5000
2697,T32-D-3,T32-3,10000
2698,T32-E-3,T32-3,20000
2699,T32-4,T32-4,500
2700,T32-B-4,T32-4,2500
2701,T32-C-4,T32-4,5000
2702,T32-D-4,T32-4,10000
2703,T32-E-4,T32-4,20000
2704,T32-5,T32-5,500
2705,T32-B-5,T32-5,2500
2706,T32-C-5,T32-5,5000
2707,T32-D-5,T32-5,10000
2708,T32-E-5,T32-5,20000
2709,T32-6,T32-6,500
2710,T32-B-6,T32-6,2500
2711,T32-C-6,T32-6,5000
2712,T32-D-6,T32-6,10000
2713,T32-E-6,T32-6,20000
2714,T32-7,T32-7,500
2715,T32-B-7,T32-7,2500
2716,T32-C-7,T32-7,5000
2717,T32-D-7,T32-7,10000
2718,T32-E-7,T32-7,20000
2719,T32-8,T32-8,500
2720,T32-B-8,T32-8,2500
2721,T32-C-8,T32-8,5000
2722,T32-D-8,T32-8,10000
2723,T32-E-8,T32-8,20000
2724,T32-9,T32-9,500
2725,T32-B-9,T32-9,2500
2726,T32-C-9,T32-9,5000
2727,T32-D-9,T32-9,10000
2728,T32-E-9,T32-9,20000
2729,T32-10,T32-10,500
2730,T32-B-10,T32-10,2500
2731,T32-C-10,T32-10,5000
2732,T32-D-10,T32-10,10000
2733,T32-E-10,T32-10,20000
2734,T32-11,T32-11,500
2735,T32-B-11,T32-11,2500
2736,T32-C-11,T32-11,5000
2737,T32-D-11,T32-11,10000
2738,T32-E-11,T32-11,20000
2739,T32-12,T32-12,500
2740,T32-B-12,T32-12,2500
2741,T32-C-12,T32-12,5000
2742,T32-D-12,T32-12,10000
2743,T32-E-12,T32-12,20000
2744,T32-13,T32-13,500
2745,T32-B-13,T32-13,2500
2746,T32-C-13,T32-13,5000
2747,T32-D-13,T32-13,10000
2748,T32-E-13,T32-13,20000
2749,T32-14,T32-14,500
2750,T32-B-14,T32-14,2500
2751,T32-C-14,T32-14,5000
2752,T32-D-14,T32-14,10000
2753,T32-E-14,T32-14,20000
2754,T32-15,T32-15,500
2755,T32-B-15,T32-15,2500
2756,T32-C-15,T32-15,5000
2757,T32-D-15,T32-15,10000
2758,T32-E-15,T32-15,20000
2759,T32-16,T32-16,500
2760,T32-B-16,T32-16,2500
2761,T32-C-16,T32-16,5000
2762,T32-D-16,T32-16,10000
2763,T32-E-16,T32-16,20000
2764,T32-17,T32-17,500
2765,T32-B-17,T32-17,2500
2766,T32-C-17,T32-17,5000
2767,T32-D-17,T32-17,10000
2768,T32-E-17,T32-17,20000
2769,T32-18,T32-18,500
2770,T32-B-18,T32-18,2500
2771,T32-C-18,T32-18,5000
2772,T32-D-18,T32-18,10000
2773,T32-E-18,T32-18,20000
2774,T32-19,T32-19,500
2775,T32-B-19,T32-19,2500
2776,T32-C-19,T32-19,5000
2777,T32-D-19,T32-19,10000
2778,T32-E-19,T32-19,20000
2779,T32-20,T32-20,500
2780,T32-B-20,T32-20,2500
2781,T32-C-20,T32-20,5000
2782,T32-D-20,T32-20,10000
2783,T32-E-20,T32-20,20000
2784,T32-21,T32-21,500
2785,T32-B-21,T32-21,2500
2786,T32-C-21,T32-21,5000
2787,T32-D-21,T32-21,10000
2788,T32-E-21,T32-21,20000
2789,T33-1,T33-1,500
2790,T33-B-1,T33-1,2500
2791,T33-C-1,T33-1,5000
2792,T33-D-1,T33-1,10000
2793,T33-E-1,T33-1,20000
2794,T33-2,T33-2,500
2795,T33-B-2,T33-2,2500
2796,T33-C-2,T33-2,5000
2797,T33-D-2,T33-2,10000
2798,T33-E-2,T33-2,20000
2799,T34-1,T34-1,500
2800,T34-B-1,T34-1,2500
2801,T34-C-1,T34-1,5000
2802,T34-D-1,T34-1,10000
2803,T34-E-1,T34-1,20000
2804,T34-2,T34-2,500
2805,T34-B-2,T34-2,2500
2806,T34-C-2,T34-2,5000
2807,T34-D-2,T34-2,10000
2808,T34-E-2,T34-2,20000
2809,T34-3,T34-3,500
2810,T34-B-3,T34-3,2500
2811,T34-C-3,T34-3,5000
2812,T34-D-3,T34-3,10000
2813,T34-E-3,T34-3,20000
2814,T34-4,T34-4,500
2815,T34-B-4,T34-4,2500
2816,T34-C-4,T34-4,5000
2817,T34-D-4,T34-4,10000
2818,T34-E-4,T34-4,20000
2819,T34-5,T34-5,500
2820,T34-B-5,T34-5,2500
2821,T34-C-5,T34-5,5000
2822,T34-D-5,T34-5,10000
2823,T34-E-5,T34-5,20000
2824,T34-6,T34-6,500
2825,T34-B-6,T34-6,2500
2826,T34-C-6,T34-6,5000
2827,T34-D-6,T34-6,10000
2828,T34-E-6,T34-6,20000
2829,T34-7,T34-7,500
2830,T34-B-7,T34-7,2500
2831,T34-C-7,T34-7,5000
2832,T34-D-7,T34-7,10000
2833,T34-E-7,T34-7,20000
2834,T34-8,T34-8,500
2835,T34-B-8,T34-8,2500
2836,T34-C-8,T34-8,5000
2837,T34-D-8,T34-8,10000
2838,T34-E-8,T34-8,20000
2839,T34-9,T34-9,500
2840,T34-B-9,T34-9,2500
2841,T34-C-9,T34-9,5000
2842,T34-D-9,T34-9,10000
2843,T34-E-9,T34-9,20000
2844,T34-10,T34-10,500
2845,T34-B-10,T34-10,2500
2846,T34-C-10,T34-10,5000
2847,T34-D-10,T34-10,10000
2848,T34-E-10,T34-10,20000
2849,T34-11,T34-11,500
2850,T34-B-11,T34-11,2500
2851,T34-C-11,T34-11,5000
2852,T34-D-11,T34-11,10000
2853,T34-E-11,T34-11,20000
2854,T34-12,T34-12,500
2855,T34-B-12,T34-12,2500
2856,T34-C-12,T34-12,5000
2857,T34-D-12,T34-12,10000
2858,T34-E-12,T34-12,20000
2859,T35-1,T35-1,500
2860,T35-B-1,T35-1,2500
2861,T35-C-1,T35-1,5000
2862,T35-D-1,T35-1,10000
2863,T35-E-1,T35-1,20000
2864,T35-2,T35-2,500
2865,T35-B-2,T35-2,2500
2866,T35-C-2,T35-2,5000
2867,T35-D-2,T35-2,10000
2868,T35-E-2,T35-2,20000
2869,T35-3,T35-3,500
2870,T35-B-3,T35-3,2500
2871,T35-C-3,T35-3,5000
2872,T35-D-3,T35-3,10000
2873,T35-E-3,T35-3,20000
2874,T35-4,T35-4,500
2875,T35-B-4,T35-4,2500
2876,T35-C-4,T35-4,5000
2877,T35-D-4,T35-4,10000
2878,T35-E-4,T35-4,20000
2879,T36-1,T36-1,500
2880,T36-B-1,T36-1,2500
2881,T36-C-1,T36-1,5000
2882,T36-D-1,T36-1,10000
2883,T36-E-1,T36-1,20000
2884,T36-2,T36-2,500
2885,T36-B-2,T36-2,2500
2886,T36-C-2,T36-2,5000
2887,T36-D-2,T36-2,10000
2888,T36-E-2,T36-2,20000
2889,T36-3,T36-3,500
2890,T36-B-3,T36-3,2500
2891,T36-C-3,T36-3,5000
2892,T36-D-3,T36-3,10000
2893,T36-E-3,T36-3,20000
2894,T37-1,T37-1,500
2895,T37-B-1,T37-1,2500
2896,T37-C-1,T37-1,5000
2897,T37-D-1,T37-1,10000
2898,T37-E-1,T37-1,20000
2899,T37-2,T37-2,500
2900,T37-B-2,T37-2,2500
2901,T37-C-2,T37-2,5000
2902,T37-D-2,T37-2,10000
2903,T37-E-2,T37-2,20000
2904,T37-3,T37-3,500
2905,T37-B-3,T37-3,2500
2906,T37-C-3,T37-3,5000
2907,T37-D-3,T37-3,10000
2908,T37-E-3,T37-3,20000
2909,T39-1,T39-1,500
2910,T39-B-1,T39-1,2500
2911,T39-C-1,T39-1,5000
2912,T39-D-1,T39-1,10000
2913,T39-E-1,T39-1,20000
2914,T39-2,T39-2,500
2915,T39-B-2,T39-2,2500
2916,T39-C-2,T39-2,5000
2917,T39-D-2,T39-2,10000
2918,T39-E-2,T39-2,20000
2919,T39-3,T39-3,500
2920,T39-B-3,T39-3,2500
2921,T39-C-3,T39-3,5000
2922,T39-D-3,T39-3,10000
2923,T39-E-3,T39-3,20000
2924,T39-4,T39-4,500
2925,T39-B-4,T39-4,2500
2926,T39-C-4,T39-4,5000
2927,T39-D-4,T39-4,10000
2928,T39-E-4,T39-4,20000
2929,T39-5,T39-5,500
2930,T39-B-5,T39-5,2500
2931,T39-C-5,T39-5,5000
2932,T39-D-5,T39-5,10000
2933,T39-E-5,T39-5,20000
2934,T39-6,T39-6,500
2935,T39-B-6,T39-6,2500
2936,T39-C-6,T39-6,5000
2937,T39-D-6,T39-6,10000
2938,T39-E-6,T39-6,20000
2939,T39-7,T39-7,500
2940,T39-B-7,T39-7,2500
2941,T39-C-7,T39-7,5000
2942,T39-D-7,T39-7,10000
2943,T39-E-7,T39-7,20000
2944,T39-8,T39-8,500
2945,T39-B-8,T39-8,2500
2946,T39-C-8,T39-8,5000
2947,T39-D-8,T39-8,10000
2948,T39-E-8,T39-8,20000
2949,T45-1,T45-1,500
2950,T45-B-1,T45-1,2500
2951,T45-C-1,T45-1,5000
2952,T45-D-1,T45-1,10000
2953,T45-E-1,T45-1,20000
2954,T45-2,T45-2,500
2955,T45-B-2,T45-2,2500
2956,T45-C-2,T45-2,5000
2957,T45-D-2,T45-2,10000
2958,T45-E-2,T45-2,20000
2959,T45-3,T45-3,500
2960,T45-B-3,T45-3,2500
2961,T45-C-3,T45-3,5000
2962,T45-D-3,T45-3,10000
2963,T45-E-3,T45-3,20000
2964,T45-4,T45-4,500
2965,T45-B-4,T45-4,2500
2966,T45-C-4,T45-4,5000
2967,T45-D-4,T45-4,10000
2968,T45-E-4,T45-4,20000
2969,V1-1,V1-1,500
2970,V1-B-1,V1-1,2500
2971,V1-C-1,V1-1,5000
2972,V1-D-1,V1-1,10000
2973,V1-E-1,V1-1,20000
2974,V1-2,V1-2,500
2975,V1-B-2,V1-2,2500
2976,V1-C-2,V1-2,5000
2977,V1-D-2,V1-2,10000
2978,V1-E-2,V1-2,20000
2979,V1-3,V1-3,500
2980,V1-B-3,V1-3,2500
2981,V1-C-3,V1-3,5000
2982,V1-D-3,V1-3,10000
2983,V1-E-3,V1-3,20000
2984,V1-4,V1-4,500
2985,V1-B-4,V1-4,2500
2986,V1-C-4,V1-4,5000
2987,V1-D-4,V1-4,10000
2988,V1-E-4,V1-4,20000
2989,V1-5,V1-5,500
2990,V1-B-5,V1-5,2500
2991,V1-C-5,V1-5,5000
2992,V1-D-5,V1-5,10000
2993,V1-E-5,V1-5,20000
2994,V1-6,V1-6,500
2995,V1-B-6,V1-6,2500
2996,V1-C-6,V1-6,5000
2997,V1-D-6,V1-6,10000
2998,V1-E-6,V1-6,20000
2999,V1-7,V1-7,500
3000,V1-B-7,V1-7,2500
3001,V1-C-7,V1-7,5000
3002,V1-D-7,V1-7,10000
3003,V1-E-7,V1-7,20000
3004,V1-8,V1-8,500
3005,V1-B-8,V1-8,2500
3006,V1-C-8,V1-8,5000
3007,V1-D-8,V1-8,10000
3008,V1-E-8,V1-8,20000
3009,V1-9,V1-9,500
3010,V1-B-9,V1-9,2500
3011,V1-C-9,V1-9,5000
3012,V1-D-9,V1-9,10000
3013,V1-E-9,V1-9,20000
3014,V1-10,V1-10,500
3015,V1-B-10,V1-10,2500
3016,V1-C-10,V1-10,5000
3017,V1-D-10,V1-10,10000
3018,V1-E-10,V1-10,20000
3019,V1-11,V1-11,500
3020,V1-B-11,V1-11,2500
3021,V1-C-11,V1-11,5000
3022,V1-D-11,V1-11,10000
3023,V1-E-11,V1-11,20000
3024,V1-12,V1-12,500
3025,V1-B-12,V1-12,2500
3026,V1-C-12,V1-12,5000
3027,V1-D-12,V1-12,10000
3028,V1-E-12,V1-12,20000
3029,V1-13,V1-13,500
3030,V1-B-13,V1-13,2500
3031,V1-C-13,V1-13,5000
3032,V1-D-13,V1-13,10000
3033,V1-E-13,V1-13,20000
3034,V1-14,V1-14,500
3035,V1-B-14,V1-14,2500
3036,V1-C-14,V1-14,5000
3037,V1-D-14,V1-14,10000
3038,V1-E-14,V1-14,20000
3039,V1-15,V1-15,500
3040,V1-B-15,V1-15,2500
3041,V1-C-15,V1-15,5000
3042,V1-D-15,V1-15,10000
3043,V1-E-15,V1-15,20000
3044,V1-16,V1-16,500
3045,V1-B-16,V1-16,2500
3046,V1-C-16,V1-16,5000
3047,V1-D-16,V1-16,10000
3048,V1-E-16,V1-16,20000
3049,V1-17,V1-17,500
3050,V1-B-17,V1-17,2500
3051,V1-C-17,V1-17,5000
3052,V1-D-17,V1-17,10000
3053,V1-E-17,V1-17,20000
3054,V1-18,V1-18,500
3055,V1-B-18,V1-18,2500
3056,V1-C-18,V1-18,5000
3057,V1-D-18,V1-18,10000
3058,V1-E-18,V1-18,20000
3059,V1-19,V1-19,500
3060,V1-B-19,V1-19,2500
3061,V1-C-19,V1-19,5000
3062,V1-D-19,V1-19,10000
3063,V1-E-19,V1-19,20000
3064,V1-20,V1-20,500
3065,V1-B-20,V1-20,2500
3066,V1-C-20,V1-20,5000
3067,V1-D-20,V1-20,10000
3068,V1-E-20,V1-20,20000
3069,V1-21,V1-21,500
3070,V1-B-21,V1-21,2500
3071,V1-C-21,V1-21,5000
3072,V1-D-21,V1-21,10000
3073,V1-E-21,V1-21,20000
3074,V1-22,V1-22,500
3075,V1-B-22,V1-22,2500
3076,V1-C-22,V1-22,5000
3077,V1-D-22,V1-22,10000
3078,V1-E-22,V1-22,20000
3079,V1-23,V1-23,500
3080,V1-B-23,V1-23,2500
3081,V1-C-23,V1-23,5000
3082,V1-D-23,V1-23,10000
3083,V1-E-23,V1-23,20000
3084,V1-24,V1-24,500
3085,V1-B-24,V1-24,2500
3086,V1-C-24,V1-24,5000
3087,V1-D-24,V1-24,10000
3088,V1-E-24,V1-24,20000
3089,V1-25,V1-25,500
3090,V1-B-25,V1-25,2500
3091,V1-C-25,V1-25,5000
3092,V1-D-25,V1-25,10000
3093,V1-E-25,V1-25,20000
3094,V1-26,V1-26,500
3095,V1-B-26,V1-26,2500
3096,V1-C-26,V1-26,5000
3097,V1-D-26,V1-26,10000
3098,V1-E-26,V1-26,20000
3099,V1-27,V1-27,500
3100,V1-B-27,V1-27,2500
3101,V1-C-27,V1-27,5000
3102,V1-D-27,V1-27,10000
3103,V1-E-27,V1-27,20000
3104,V1-28,V1-28,500
3105,V1-B-28,V1-28,2500
3106,V1-C-28,V1-28,5000
3107,V1-D-28,V1-28,10000
3108,V1-E-28,V1-28,20000
3109,V1-29,V1-29,500
3110,V1-B-29,V1-29,2500
3111,V1-C-29,V1-29,5000
3112,V1-D-29,V1-29,10000
3113,V1-E-29,V1-29,20000
3114,V1-30,V1-30,500
3115,V1-B-30,V1-30,2500
3116,V1-C-30,V1-30,5000
3117,V1-D-30,V1-30,10000
3118,V1-E-30,V1-30,20000
3119,V1-31,V1-31,500
3120,V1-B-31,V1-31,2500
3121,V1-C-31,V1-31,5000
3122,V1-D-31,V1-31,10000
3123,V1-E-31,V1-31,20000
3124,V1-32,V1-32,500
3125,V1-B-32,V1-32,2500
3126,V1-C-32,V1-32,5000
3127,V1-D-32,V1-32,10000
3128,V1-E-32,V1-32,20000
3129,V2-1,V2-1,500
3130,V2-B-1,V2-1,2500
3131,V2-C-1,V2-1,5000
3132,V2-D-1,V2-1,10000
3133,V2-E-1,V2-1,20000
3134,V2-2,V2-2,500
3135,V2-B-2,V2-2,2500
3136,V2-C-2,V2-2,5000
3137,V2-D-2,V2-2,10000
3138,V2-E-2,V2-2,20000
3139,V2-3,V2-3,500
3140,V2-B-3,V2-3,2500
3141,V2-C-3,V2-3,5000
3142,V2-D-3,V2-3,10000
3143,V2-E-3,V2-3,20000
3144,V2-4,V2-4,500
3145,V2-B-4,V2-4,2500
3146,V2-C-4,V2-4,5000
3147,V2-D-4,V2-4,10000
3148,V2-E-4,V2-4,20000
3149,V2-5,V2-5,500
3150,V2-B-5,V2-5,2500
3151,V2-C-5,V2-5,5000
3152,V2-D-5,V2-5,10000
3153,V2-E-5,V2-5,20000
3154,V2-6,V2-6,500
3155,V2-B-6,V2-6,2500
3156,V2-C-6,V2-6,5000
3157,V2-D-6,V2-6,10000
3158,V2-E-6,V2-6,20000
3159,V2-7,V2-7,500
3160,V2-B-7,V2-7,2500
3161,V2-C-7,V2-7,5000
3162,V2-D-7,V2-7,10000
3163,V2-E-7,V2-7,20000
3164,V2-8,V2-8,500
3165,V2-B-8,V2-8,2500
3166,V2-C-8,V2-8,5000
3167,V2-D-8,V2-8,10000
3168,V2-E-8,V2-8,20000
3169,V3-1,V3-1,500
3170,V3-B-1,V3-1,2500
3171,V3-C-1,V3-1,5000
3172,V3-D-1,V3-1,10000
3173,V3-E-1,V3-1,20000
3174,V3-2,V3-2,500
3175,V3-B-2,V3-2,2500
3176,V3-C-2,V3-2,5000
3177,V3-D-2,V3-2,10000
3178,V3-E-2,V3-2,20000
3179,V3-3,V3-3,500
3180,V3-B-3,V3-3,2500
3181,V3-C-3,V3-3,5000
3182,V3-D-3,V3-3,10000
3183,V3-E-3,V3-3,20000
3184,V3-4,V3-4,500
3185,V3-B-4,V3-4,2500
3186,V3-C-4,V3-4,5000
3187,V3-D-4,V3-4,10000
3188,V3-E-4,V3-4,20000
3189,V3-5,V3-5,500
3190,V3-B-5,V3-5,2500
3191,V3-C-5,V3-5,5000
3192,V3-D-5,V3-5,10000
3193,V3-E-5,V3-5,20000
3194,V3-6,V3-6,500
3195,V3-B-6,V3-6,2500
3196,V3-C-6,V3-6,5000
3197,V3-D-6,V3-6,10000
3198,V3-E-6,V3-6,20000
3199,V3-7,V3-7,500
3200,V3-B-7,V3-7,2500
3201,V3-C-7,V3-7,5000
3202,V3-D-7,V3-7,10000
3203,V3-E-7,V3-7,20000
3204,V4-1,V4-1,500
3205,V4-B-1,V4-1,2500
3206,V4-C-1,V4-1,5000
3207,V4-D-1,V4-1,10000
3208,V4-E-1,V4-1,20000
3209,V4-2,V4-2,500
3210,V4-B-2,V4-2,2500
3211,V4-C-2,V4-2,5000
3212,V4-D-2,V4-2,10000
3213,V4-E-2,V4-2,20000
3214,V4-3,V4-3,500
3215,V4-B-3,V4-3,2500
3216,V4-C-3,V4-3,5000
3217,V4-D-3,V4-3,10000
3218,V4-E-3,V4-3,20000
3219,V4-4,V4-4,500
3220,V4-B-4,V4-4,2500
3221,V4-C-4,V4-4,5000
3222,V4-D-4,V4-4,10000
3223,V4-E-4,V4-4,20000
3224,V4-5,V4-5,500
3225,V4-B-5,V4-5,2500
3226,V4-C-5,V4-5,5000
3227,V4-D-5,V4-5,10000
3228,V4-E-5,V4-5,20000
3229,V4-6,V4-6,500
3230,V4-B-6,V4-6,2500
3231,V4-C-6,V4-6,5000
3232,V4-D-6,V4-6,10000
3233,V4-E-6,V4-6,20000
3234,V4-7,V4-7,500
3235,V4-B-7,V4-7,2500
3236,V4-C-7,V4-7,5000
3237,V4-D-7,V4-7,10000
3238,V4-E-7,V4-7,20000
3239,V4-8,V4-8,500
3240,V4-B-8,V4-8,2500
3241,V4-C-8,V4-8,5000
3242,V4-D-8,V4-8,10000
3243,V4-E-8,V4-8,20000
3244,V4-9,V4-9,500
3245,V4-B-9,V4-9,2500
3246,V4-C-9,V4-9,5000
3247,V4-D-9,V4-9,10000
3248,V4-E-9,V4-9,20000
3249,V5-1,V5-1,500
3250,V5-B-1,V5-1,2500
3251,V5-C-1,V5-1,5000
3252,V5-D-1,V5-1,10000
3253,V5-E-1,V5-1,20000
3254,V5-2,V5-2,500
3255,V5-B-2,V5-2,2500
3256,V5-C-2,V5-2,5000
3257,V5-D-2,V5-2,10000
3258,V5-E-2,V5-2,20000
3259,V6-1,V6-1,500
3260,V6-B-1,V6-1,2500
3261,V6-C-1,V6-1,5000
3262,V6-D-1,V6-1,10000
3263,V6-E-1,V6-1,20000
3264,V6-2,V6-2,500
3265,V6-B-2,V6-2,2500
3266,V6-C-2,V6-2,5000
3267,V6-D-2,V6-2,10000
3268,V6-E-2,V6-2,20000
3269,V6-3,V6-3,500
3270,V6-B-3,V6-3,2500
3271,V6-C-3,V6-3,5000
3272,V6-D-3,V6-3,10000
3273,V6-E-3,V6-3,20000
3274,V6-4,V6-4,500
3275,V6-B-4,V6-4,2500
3276,V6-C-4,V6-4,5000
3277,V6-D-4,V6-4,10000
3278,V6-E-4,V6-4,20000
3279,V6-5,V6-5,500
3280,V6-B-5,V6-5,2500
3281,V6-C-5,V6-5,5000
3282,V6-D-5,V6-5,10000
3283,V6-E-5,V6-5,20000
3284,V6-6,V6-6,500
3285,V6-B-6,V6-6,2500
3286,V6-C-6,V6-6,5000
3287,V6-D-6,V6-6,10000
3288,V6-E-6,V6-6,20000
3289,V6-7,V6-7,500
3290,V6-B-7,V6-7,2500
3291,V6-C-7,V6-7,5000
3292,V6-D-7,V6-7,10000
3293,V6-E-7,V6-7,20000
3294,V6-8,V6-8,500
3295,V6-B-8,V6-8,2500
3296,V6-C-8,V6-8,5000
3297,V6-D-8,V6-8,10000
3298,V6-E-8,V6-8,20000
3299,V6-9,V6-9,500
3300,V6-B-9,V6-9,2500
3301,V6-C-9,V6-9,5000
3302,V6-D-9,V6-9,10000
3303,V6-E-9,V6-9,20000
3304,V7-1,V7-1,500
3305,V7-B-1,V7-1,2500
3306,V7-C-1,V7-1,5000
3307,V7-D-1,V7-1,10000
3308,V7-E-1,V7-1,20000
3309,V7-2,V7-2,500
3310,V7-B-2,V7-2,2500
3311,V7-C-2,V7-2,5000
3312,V7-D-2,V7-2,10000
3313,V7-E-2,V7-2,20000
3314,V8-1,V8-1,500
3315,V8-B-1,V8-1,2500
3316,V8-C-1,V8-1,5000
3317,V8-D-1,V8-1,10000
3318,V8-E-1,V8-1,20000
3319,V8-2,V8-2,500
3320,V8-B-2,V8-2,2500
3321,V8-C-2,V8-2,5000
3322,V8-D-2,V8-2,10000
3323,V8-E-2,V8-2,20000
3324,V8-3,V8-3,500
3325,V8-B-3,V8-3,2500
3326,V8-C-3,V8-3,5000
3327,V8-D-3,V8-3,10000
3328,V8-E-3,V8-3,20000
3329,V9-1,V9-1,500
3330,V9-B-1,V9-1,2500
3331,V9-C-1,V9-1,5000
3332,V9-D-1,V9-1,10000
3333,V9-E-1,V9-1,20000
3334,V9-2,V9-2,500
3335,V9-B-2,V9-2,2500
3336,V9-C-2,V9-2,5000
3337,V9-D-2,V9-2,10000
3338,V9-E-2,V9-2,20000
3339,V9-3,V9-3,500
3340,V9-B-3,V9-3,2500
3341,V9-C-3,V9-3,5000
3342,V9-D-3,V9-3,10000
3343,V9-E-3,V9-3,20000
3344,V10-1,V10-1,500
3345,V10-B-1,V10-1,2500
3346,V10-C-1,V10-1,5000
3347,V10-D-1,V10-1,10000
3348,V10-E-1,V10-1,20000
3349,V10-2,V10-2,500
3350,V10-B-2,V10-2,2500
3351,V10-C-2,V10-2,5000
3352,V10-D-2,V10-2,10000
3353,V10-E-2,V10-2,20000
3354,V10-3,V10-3,500
3355,V10-B-3,V10-3,2500
3356,V10-C-3,V10-3,5000
3357,V10-D-3,V10-3,10000
3358,V10-E-3,V10-3,20000
3359,V11-1,V11-1,500
3360,V11-B-1,V11-1,2500
3361,V11-C-1,V11-1,5000
3362,V11-D-1,V11-1,10000
3363,V11-E-1,V11-1,20000
3364,V11-2,V11-2,500
3365,V11-B-2,V11-2,2500
3366,V11-C-2,V11-2,5000
3367,V11-D-2,V11-2,10000
3368,V11-E-2,V11-2,20000
3369,V12-1,V12-1,500
3370,V12-B-1,V12-1,2500
3371,V12-C-1,V12-1,5000
3372,V12-D-1,V12-1,10000
3373,V12-E-1,V12-1,20000
3374,V12-2,V12-2,500
3375,V12-B-2,V12-2,2500
3376,V12-C-2,V12-2,5000
3377,V12-D-2,V12-2,10000
3378,V12-E-2,V12-2,20000
3379,V12-3,V12-3,500
3380,V12-B-3,V12-3,2500
3381,V12-C-3,V12-3,5000
3382,V12-D-3,V12-3,10000
3383,V12-E-3,V12-3,20000
3384,V13-1,V13-1,500
3385,V13-B-1,V13-1,2500
3386,V13-C-1,V13-1,5000
3387,V13-D-1,V13-1,10000
3388,V13-E-1,V13-1,20000
3389,V13-2,V13-2,500
3390,V13-B-2,V13-2,2500
3391,V13-C-2,V13-2,5000
3392,V13-D-2,V13-2,10000
3393,V13-E-2,V13-2,20000
3394,V13-3,V13-3,500
3395,V13-B-3,V13-3,2500
3396,V13-C-3,V13-3,5000
3397,V13-D-3,V13-3,10000
3398,V13-E-3,V13-3,20000
3399,V13-4,V13-4,500
3400,V13-B-4,V13-4,2500
3401,V13-C-4,V13-4,5000
3402,V13-D-4,V13-4,10000
3403,V13-E-4,V13-4,20000
3404,V13-5,V13-5,500
3405,V13-B-5,V13-5,2500
3406,V13-C-5,V13-5,5000
3407,V13-D-5,V13-5,10000
3408,V13-E-5,V13-5,20000
3409,V13-6,V13-6,500
3410,V13-B-6,V13-6,2500
3411,V13-C-6,V13-6,5000
3412,V13-D-6,V13-6,10000
3413,V13-E-6,V13-6,20000
3414,V13-7,V13-7,500
3415,V13-B-7,V13-7,2500
3416,V13-C-7,V13-7,5000
3417,V13-D-7,V13-7,10000
3418,V13-E-7,V13-7,20000
3419,V13-8,V13-8,500
3420,V13-B-8,V13-8,2500
3421,V13-C-8,V13-8,5000
3422,V13-D-8,V13-8,10000
3423,V13-E-8,V13-8,20000
3424,H1-1,H1-1,500
3425,H1-B-1,H1-1,2500
3426,H1-C-1,H1-1,5000
3427,H1-D-1,H1-1,10000
3428,H1-E-1,H1-1,20000
3429,H1-2,H1-2,500
3430,H1-B-2,H1-2,2500
3431,H1-C-2,H1-2,5000
3432,H1-D-2,H1-2,10000
3433,H1-E-2,H1-2,20000
3434,H1-3,H1-3,500
3435,H1-B-3,H1-3,2500
3436,H1-C-3,H1-3,5000
3437,H1-D-3,H1-3,10000
3438,H1-E-3,H1-3,20000
3439,H1-4,H1-4,500
3440,H1-B-4,H1-4,2500
3441,H1-C-4,H1-4,5000
3442,H1-D-4,H1-4,10000
3443,H1-E-4,H1-4,20000
3444,H1-5,H1-5,500
3445,H1-B-5,H1-5,2500
3446,H1-C-5,H1-5,5000
3447,H1-D-5,H1-5,10000
3448,H1-E-5,H1-5,20000
3449,H2-1,H2-1,500
3450,H2-B-1,H2-1,2500
3451,H2-C-1,H2-1,5000
3452,H2-D-1,H2-1,10000
3453,H2-E-1,H2-1,20000
3454,H2-2,H2-2,500
3455,H2-B-2,H2-2,2500
3456,H2-C-2,H2-2,5000
3457,H2-D-2,H2-2,10000
3458,H2-E-2,H2-2,20000
3459,H2-3,H2-3,500
3460,H2-B-3,H2-3,2500
3461,H2-C-3,H2-3,5000
3462,H2-D-3,H2-3,10000
3463,H2-E-3,H2-3,20000
3464,H2-4,H2-4,500
3465,H2-B-4,H2-4,2500
3466,H2-C-4,H2-4,5000
3467,H2-D-4,H2-4,10000
3468,H2-E-4,H2-4,20000
3469,H2-5,H2-5,500
3470,H2-B-5,H2-5,2500
3471,H2-C-5,H2-5,5000
3472,H2-D-5,H2-5,10000
3473,H2-E-5,H2-5,20000
3474,H2-6,H2-6,500
3475,H2-B-6,H2-6,2500
3476,H2-C-6,H2-6,5000
3477,H2-D-6,H2-6,10000
3478,H2-E-6,H2-6,20000
3479,H2-7,H2-7,500
3480,H2-B-7,H2-7,2500
3481,H2-C-7,H2-7,5000
3482,H2-D-7,H2-7,10000
3483,H2-E-7,H2-7,20000
3484,H2-8,H2-8,500
3485,H2-B-8,H2-8,2500
3486,H2-C-8,H2-8,5000
3487,H2-D-8,H2-8,10000
3488,H2-E-8,H2-8,20000
3489,H4-1,H4-1,500
3490,H4-B-1,H4-1,2500
3491,H4-C-1,H4-1,5000
3492,H4-D-1,H4-1,10000
3493,H4-E-1,H4-1,20000
3494,H4-2,H4-2,500
3495,H4-B-2,H4-2,2500
3496,H4-C-2,H4-2,5000
3497,H4-D-2,H4-2,10000
3498,H4-E-2,H4-2,20000
3499,H4-3,H4-3,500
3500,H4-B-3,H4-3,2500
3501,H4-C-3,H4-3,5000
3502,H4-D-3,H4-3,10000
3503,H4-E-3,H4-3,20000
3504,H4-4,H4-4,500
3505,H4-B-4,H4-4,2500
3506,H4-C-4,H4-4,5000
3507,H4-D-4,H4-4,10000
3508,H4-E-4,H4-4,20000
3509,F1-1,F1-1,500
3510,F1-B-1,F1-1,2500
3511,F1-C-1,F1-1,5000
3512,F1-D-1,F1-1,10000
3513,F1-E-1,F1-1,20000
3514,F1-2,F1-2,500
3515,F1-B-2,F1-2,2500
3516,F1-C-2,F1-2,5000
3517,F1-D-2,F1-2,10000
3518,F1-E-2,F1-2,20000
3519,F1-3,F1-3,500
3520,F1-B-3,F1-3,2500
3521,F1-C-3,F1-3,5000
3522,F1-D-3,F1-3,10000
3523,F1-E-3,F1-3,20000
3524,F1-4,F1-4,500
3525,F1-B-4,F1-4,2500
3526,F1-C-4,F1-4,5000
3527,F1-D-4,F1-4,10000
3528,F1-E-4,F1-4,20000
3529,F1-5,F1-5,500
3530,F1-B-5,F1-5,2500
3531,F1-C-5,F1-5,5000
3532,F1-D-5,F1-5,10000
3533,F1-E-5,F1-5,20000
3534,F1-6,F1-6,500
3535,F1-B-6,F1-6,2500
3536,F1-C-6,F1-6,5000
3537,F1-D-6,F1-6,10000
3538,F1-E-6,F1-6,20000
3539,F2-1,F2-1,500
3540,F2-B-1,F2-1,2500
3541,F2-C-1,F2-1,5000
3542,F2-D-1,F2-1,10000
3543,F2-E-1,F2-1,20000
3544,F2-2,F2-2,500
3545,F2-B-2,F2-2,2500
3546,F2-C-2,F2-2,5000
3547,F2-D-2,F2-2,10000
3548,F2-E-2,F2-2,20000
3549,F2-3,F2-3,500
3550,F2-B-3,F2-3,2500
3551,F2-C-3,F2-3,5000
3552,F2-D-3,F2-3,10000
3553,F2-E-3,F2-3,20000
3554,F2-4,F2-4,500
3555,F2-B-4,F2-4,2500
3556,F2-C-4,F2-4,5000
3557,F2-D-4,F2-4,10000
3558,F2-E-4,F2-4,20000
3559,F2-5,F2-5,500
3560,F2-B-5,F2-5,2500
3561,F2-C-5,F2-5,5000
3562,F2-D-5,F2-5,10000
3563,F2-E-5,F2-5,20000
3564,F2-6,F2-6,500
3565,F2-B-6,F2-6,2500
3566,F2-C-6,F2-6,5000
3567,F2-D-6,F2-6,10000
3568,F2-E-6,F2-6,20000
3569,F2-7,F2-7,500
3570,F2-B-7,F2-7,2500
3571,F2-C-7,F2-7,5000
3572,F2-D-7,F2-7,10000
3573,F2-E-7,F2-7,20000
3574,F2-8,F2-8,500
3575,F2-B-8,F2-8,2500
3576,F2-C-8,F2-8,5000
3577,F2-D-8,F2-8,10000
3578,F2-E-8,F2-8,20000
3579,F2-9,F2-9,500
3580,F2-B-9,F2-9,2500
3581,F2-C-9,F2-9,5000
3582,F2-D-9,F2-9,10000
3583,F2-E-9,F2-9,20000
3584,F2-10,F2-10,500
3585,F2-B-10,F2-10,2500
3586,F2-C-10,F2-10,5000
3587,F2-D-10,F2-10,10000
3588,F2-E-10,F2-10,20000
3589,F2-11,F2-11,500
3590,F2-B-11,F2-11,2500
3591,F2-C-11,F2-11,5000
3592,F2-D-11,F2-11,10000
3593,F2-E-11,F2-11,20000
3594,F2-12,F2-12,500
3595,F2-B-12,F2-12,2500
3596,F2-C-12,F2-12,5000
3597,F2-D-12,F2-12,10000
3598,F2-E-12,F2-12,20000
3599,F2-13,F2-13,500
3600,F2-B-13,F2-13,2500
3601,F2-C-13,F2-13,5000
3602,F2-D-13,F2-13,10000
3603,F2-E-13,F2-13,20000
3604,F2-14,F2-14,500
3605,F2-B-14,F2-14,2500
3606,F2-C-14,F2-14,5000
3607,F2-D-14,F2-14,10000
3608,F2-E-14,F2-14,20000
3609,F2-15,F2-15,500
3610,F2-B-15,F2-15,2500
3611,F2-C-15,F2-15,5000
3612,F2-D-15,F2-15,10000
3613,F2-E-15,F2-15,20000
3614,F2-16,F2-16,500
3615,F2-B-16,F2-16,2500
3616,F2-C-16,F2-16,5000
3617,F2-D-16,F2-16,10000
3618,F2-E-16,F2-16,20000
3619,F2-17,F2-17,500
3620,F2-B-17,F2-17,2500
3621,F2-C-17,F2-17,5000
3622,F2-D-17,F2-17,10000
3623,F2-E-17,F2-17,20000
3624,F2-18,F2-18,500
3625,F2-B-18,F2-18,2500
3626,F2-C-18,F2-18,5000
3627,F2-D-18,F2-18,10000
3628,F2-E-18,F2-18,20000
3629,F2-19,F2-19,500
3630,F2-B-19,F2-19,2500
3631,F2-C-19,F2-19,5000
3632,F2-D-19,F2-19,10000
3633,F2-E-19,F2-19,20000
3634,F2-20,F2-20,500
3635,F2-B-20,F2-20,2500
3636,F2-C-20,F2-20,5000
3637,F2-D-20,F2-20,10000
3638,F2-E-20,F2-20,20000
3639,F2-21,F2-21,500
3640,F2-B-21,F2-21,2500
3641,F2-C-21,F2-21,5000
3642,F2-D-21,F2-21,10000
3643,F2-E-21,F2-21,20000
3644,F4-1,F4-1,500
3645,F4-B-1,F4-1,2500
3646,F4-C-1,F4-1,5000
3647,F4-D-1,F4-1,10000
3648,F4-E-1,F4-1,20000
3649,F4-2,F4-2,500
3650,F4-B-2,F4-2,2500
3651,F4-C-2,F4-2,5000
3652,F4-D-2,F4-2,10000
3653,F4-E-2,F4-2,20000
3654,F4-3,F4-3,500
3655,F4-B-3,F4-3,2500
3656,F4-C-3,F4-3,5000
3657,F4-D-3,F4-3,10000
3658,F4-E-3,F4-3,20000
3659,F5-1,F5-1,500
3660,F5-B-1,F5-1,2500
3661,F5-C-1,F5-1,5000
3662,F5-D-1,F5-1,10000
3663,F5-E-1,F5-1,20000
3664,F5-2,F5-2,500
3665,F5-B-2,F5-2,2500
3666,F5-C-2,F5-2,5000
3667,F5-D-2,F5-2,10000
3668,F5-E-2,F5-2,20000
3669,F5-3,F5-3,500
3670,F5-B-3,F5-3,2500
3671,F5-C-3,F5-3,5000
3672,F5-D-3,F5-3,10000
3673,F5-E-3,F5-3,20000
3674,F5-4,F5-4,500
3675,F5-B-4,F5-4,2500
3676,F5-C-4,F5-4,5000
3677,F5-D-4,F5-4,10000
3678,F5-E-4,F5-4,20000
